student_id,course,class_year,credit_hours,work_hours_per_week,avg_weekly_study_hours,study_sessions_logged,materials_uploaded,practice_quizzes_taken,avg_practice_quiz_score,flashcards_reviewed,avg_days_started_before_exam,on_time_submission_rate,missed_deadlines,late_night_study_pct,attendance_rate,avg_sleep_hours,midterm_score
S1001,BIO 181,Freshman,16,11.0,2.9,16,10,8,77.3,49,4.0,81%,3,7%,84%,6.8,69
S1008,BIO 181,Senior,15,0.0,3.6,14,10,12,82.5,157,2.0,83%,2,31%,84%,7.5,64
S1016,CSC 216,Senior,16,23.0,1.7,17,10,24,59.6,372,0.9,81%,3,35%,95%,5.7,66
S1019,EC 201,Senior,13,4.0,2.5,33,1,3,65.9,70,4.1,82%,2,48%,80%,5.7,55
S1026,MA 241,Freshman,17,18.0,1.6,17,8,10,69.0,203,5.4,69%,4,27%,78%,4.6,45
S1027,CSC 216,Sophomore,16,0.0,7.8,76,11,22,78.9,200,6.0,100%,0,5%,97%,6.6,75
S1029,CH 101,Sophomore,14,0.0,4.8,27,15,15,62.4,185,5.1,98%,0,37%,94%,5.7,63
S1030,PY 205,Junior,18,0.0,2.4,36,9,14,67.7,292,2.4,72%,5,26%,88%,,48
S1039,CH 101,Junior,15,7.0,4.8,41,7,26,94.9,368,1.5,91%,2,22%,96%,5.8,80
S1044,PY 205,Senior,15,0.0,6.2,68,12,20,82.5,325,4.0,92%,1,30%,87%,6.5,71
S1046,BIO 181,Junior,12,4.0,9.3,89,18,30,94.6,390,8.0,100%,0,24%,89%,6.3,82
S1053,CSC 216,Freshman,15,0.0,6.3,51,10,20,89.2,312,5.4,98%,0,1%,98%,6.2,75
S1066,EC 201,Senior,12,19.0,3.0,28,6,2,61.7,0,2.9,76%,3,34%,87%,5.6,61
S1074,BIO 181,Senior,16,3.0,4.4,27,8,19,83.3,202,6.9,95%,1,8%,97%,6.5,79
S1080,CSC 216,Freshman,12,16.0,6.8,52,14,19,91.6,274,8.5,89%,3,23%,90%,6.7,97
S1084,CH 101,Sophomore,14,15.0,5.7,67,9,10,65.2,162,3.6,84%,2,31%,77%,7.0,74
S1086,ST 311,Freshman,17,0.0,2.9,34,5,8,63.1,125,0.8,79%,3,41%,86%,6.6,65
S1088,MA 241,Senior,15,0.0,1.1,7,0,3,62.2,56,1.3,84%,3,23%,85%,7.3,62
S1089,PY 205,Sophomore,17,3.0,5.1,41,12,9,60.5,102,5.5,78%,2,32%,89%,6.9,70
S1093,BIO 181,Freshman,13,8.0,0.5,3,5,0,,120,0.6,69%,4,36%,73%,6.6,62
S1098,EC 201,Freshman,17,20.0,2.5,23,5,16,62.6,269,2.5,66%,5,40%,84%,5.2,41
S1101,PY 205,Sophomore,12,2.0,5.5,53,11,19,76.1,190,1.6,87%,1,29%,79%,6.5,79
S1113,PY 205,Sophomore,14,0.0,2.8,11,0,13,80.4,288,3.5,84%,1,24%,75%,5.9,69
S1121,EC 201,Sophomore,18,19.0,1.3,10,15,17,77.6,283,2.6,67%,4,35%,96%,5.8,76
S1126,CH 101,Freshman,15,0.0,2.6,23,6,12,61.1,58,2.7,82%,3,30%,85%,5.4,63
