student_id,course,class_year,credit_hours,work_hours_per_week,avg_weekly_study_hours,study_sessions_logged,materials_uploaded,practice_quizzes_taken,avg_practice_quiz_score,flashcards_reviewed,avg_days_started_before_exam,on_time_submission_rate,missed_deadlines,late_night_study_pct,attendance_rate,avg_sleep_hours,midterm_score,at_risk
S1000,BIO 181,Sophomore,14,3,0.5,10,7,6,70.8,135,1.5,83%,1,28%,83%,7.4,65,0
S1001,BIO 181,Freshman,16,11,2.9,16,10,8,77.3,49,4.0,81%,3,7%,84%,6.8,69,0
S1002,MA 241,Sophomore,13,,1.9,24,9,9,52.9,124,0.0,77%,2,41%,80%,6.5,56,0
S1003,CSC 216,Sophomore,15,13,2.8,28,18,30,96.3,326,4.0,88%,3,27%,95%,6.4,98,0
S1004,EC 201,Junior,16,17,4.9,54,14,13,69.5,129,5.5,94%,0,22%,81%,6.0,76,0
S1005,ECE 200,Junior,13,0,4.6,50,11,16,72.6,124,2.2,77%,5,29%,90%,7.4,64,0
S1006,CH 101,Senior,14,4,4.2,27,16,5,65.9,69,0.0,86%,2,36%,84%,6.7,67,0
S1007,CH 101,Sophomore,12,7,3.1,19,11,9,73.3,78,1.3,94%,1,23%,86%,6.3,63,0
S1008,BIO 181,Senior,15,0,3.6,14,10,12,82.5,157,2.0,83%,2,31%,84%,7.5,64,0
S1009,CH 101,Senior,15,0,3.7,23,10,11,78.4,227,1.1,77%,2,15%,65%,5.8,62,1
S1010,BIO 181,Sophomore,16,1,6.2,49,8,13,82.5,264,3.0,90%,1,10%,91%,7.0,76,0
S1011,PY 205,Freshman,15,0,5.1,55,10,17,83.2,137,3.9,88%,1,30%,79%,6.5,73,0
S1012,CSC 216,Sophomore,17,0,1.9,22,9,6,84.8,0,3.0,77%,4,11%,88%,6.9,74,0
S1013,CSC 216,Junior,17,0,8.0,60,9,7,53.2,133,5.4,92%,2,34%,82%,6.1,63,0
S1014,BIO 181,Sophomore,12,0,5.4,56,10,18,63.3,269,5.5,78%,2,29%,94%,7.3,50,1
S1015,MA 241,Freshman,15,,2.4,17,6,2,67.8,57,4.0,78%,3,43%,77%,5.1,56,1
S1016,CSC 216,Senior,16,23,1.7,17,10,24,59.6,372,0.9,81%,3,35%,95%,5.7,66,0
S1017,ECE 200,Junior,15,17,5.7,54,5,11,83.7,221,4.6,89%,1,38%,94%,5.5,61,1
S1018,MA 241,Freshman,14,14,3.8,33,10,11,70.0,179,1.8,83%,3,46%,76%,6.1,52,1
S1019,EC 201,Senior,13,4,2.5,33,1,3,65.9,70,4.1,82%,2,48%,80%,5.7,55,0
S1020,ST 311,Sophomore,16,18,0.5,3,0,11,72.9,153,0.8,67%,3,45%,94%,5.3,54,1
S1021,PY 205,Sophomore,12,0,2.7,30,4,10,81.4,77,3.8,81%,3,13%,94%,7.1,62,0
S1022,PY 205,Sophomore,15,0,6.2,69,7,3,76.4,54,3.9,86%,0,17%,73%,5.9,55,0
S1023,PY 205,Sophomore,18,0,4.6,40,11,10,64.8,176,2.5,85%,1,33%,84%,6.7,61,0
S1024,CH 101,Senior,16,3,6.0,51,8,21,71.7,223,1.8,88%,3,9%,94%,7.4,68,0
S1025,BIO 181,Junior,13,12,8.9,75,13,23,85.1,434,4.8,89%,1,13%,100%,6.7,89,0
S1026,MA 241,Freshman,17,18,1.6,17,8,10,69.0,203,5.4,69%,4,27%,78%,4.6,45,1
S1027,CSC 216,Sophomore,16,0,7.8,76,11,22,78.9,200,6.0,100%,0,5%,97%,6.6,75,0
S1028,ECE 200,Freshman,16,0,0.5,7,7,7,55.2,117,1.9,79%,2,41%,82%,5.6,35,1
S1029,CH 101,Sophomore,14,0,4.8,27,15,15,62.4,185,5.1,98%,0,37%,94%,5.7,63,0
S1030,PY 205,Junior,18,0,2.4,36,9,14,67.7,292,2.4,72%,5,26%,88%,,48,1
S1031,EC 201,Sophomore,16,21,7.2,75,9,16,100.0,287,1.8,90%,1,28%,96%,5.3,87,0
S1032,ST 311,Junior,13,15,4.5,41,7,19,90.0,326,5.0,92%,1,32%,97%,4.5,89,0
S1033,PY 205,Freshman,14,4,9.5,93,19,19,81.4,280,2.1,92%,0,14%,86%,7.4,87,0
S1034,BIO 181,Junior,13,0,0.5,3,10,9,95.1,168,4.2,73%,3,28%,77%,6.2,54,1
S1035,ST 311,Freshman,12,0,7.4,72,16,28,71.6,455,5.4,80%,2,5%,92%,6.7,65,0
S1036,EC 201,Freshman,12,8,0.5,3,8,15,65.1,130,1.3,82%,3,16%,75%,5.9,64,1
S1037,ST 311,Sophomore,13,0,5.2,52,5,11,66.5,162,2.0,79%,1,21%,75%,4.0,55,1
S1038,ECE 200,Senior,17,18,5.6,44,13,17,79.9,232,1.1,78%,2,22%,87%,5.6,76,0
S1039,CH 101,Junior,15,7,4.8,41,7,26,94.9,368,1.5,91%,2,22%,96%,5.8,80,0
S1040,BIO 181,Freshman,15,0,4.4,45,8,18,68.2,309,3.2,81%,1,30%,84%,6.6,70,0
S1041,EC 201,Freshman,15,0,3.1,24,9,11,72.2,127,4.4,87%,3,52%,93%,5.9,63,0
S1042,MA 241,Freshman,18,0,4.3,41,7,4,84.3,0,0.0,74%,3,9%,87%,6.5,75,0
S1043,ECE 200,Junior,14,35,4.3,39,10,16,66.5,148,5.8,84%,0,9%,85%,5.5,82,0
S1044,PY 205,Senior,15,0,6.2,68,12,20,82.5,325,4.0,92%,1,30%,87%,6.5,71,0
S1045,ST 311,Junior,13,4,5.8,61,10,16,77.2,149,4.6,94%,0,8%,90%,,75,0
S1046,BIO 181,Junior,12,4,9.3,89,18,30,94.6,390,8.0,100%,0,24%,89%,6.3,82,0
S1047,PY 205,Sophomore,12,0,3.4,50,5,5,53.9,97,3.3,72%,4,28%,83%,6.1,47,1
S1048,MA 241,Junior,15,16,8.9,86,16,27,100.0,325,7.8,87%,2,24%,98%,6.0,91,0
S1049,ECE 200,Sophomore,15,3,11.2,100,14,33,90.9,346,8.1,100%,0,16%,99%,,93,0
S1050,EC 201,Junior,15,23,7.2,82,21,30,90.9,413,6.8,88%,2,25%,99%,7.1,76,0
S1051,ECE 200,Freshman,16,0,7.1,63,17,18,81.3,262,4.1,87%,1,7%,85%,7.0,69,0
S1052,ST 311,Junior,12,0,3.2,27,3,8,64.8,31,3.6,74%,4,29%,85%,7.5,54,0
S1053,CSC 216,Freshman,15,0,6.3,51,10,20,89.2,312,5.4,98%,0,1%,98%,6.2,75,0
S1054,ST 311,Sophomore,18,0,2.7,24,12,10,58.0,69,0.0,89%,1,26%,81%,,49,1
S1055,CH 101,Freshman,15,0,5.5,57,4,12,56.8,57,2.4,93%,0,46%,77%,6.1,72,0
S1056,ST 311,Sophomore,16,0,2.7,11,12,23,67.4,361,5.2,85%,1,17%,87%,6.7,46,0
S1057,ECE 200,Freshman,15,11,4.1,37,13,28,68.3,403,3.6,96%,0,19%,100%,6.8,69,0
S1058,ST 311,Junior,12,0,6.8,51,11,11,74.5,161,5.4,92%,0,0%,81%,7.3,87,0
S1059,MA 241,Junior,18,0,4.5,53,11,12,75.3,77,0.7,91%,1,32%,81%,6.9,78,0
S1060,ECE 200,Freshman,14,29,1.8,17,7,7,64.9,0,1.5,60%,3,41%,78%,4.3,54,1
S1061,BIO 181,Junior,13,0,3.9,48,6,14,69.6,178,2.2,75%,3,40%,79%,7.2,53,1
S1062,EC 201,Junior,15,10,2.6,23,7,8,69.3,76,1.2,72%,4,27%,86%,6.7,63,1
S1063,MA 241,Senior,12,29,0.5,3,5,2,70.9,0,2.5,51%,6,32%,76%,4.4,62,1
S1064,BIO 181,Senior,14,13,1.5,10,1,12,70.8,162,0.3,87%,3,41%,86%,5.2,58,1
S1065,CSC 216,Senior,15,12,6.5,88,13,25,80.3,394,6.2,93%,0,18%,96%,5.7,79,0
S1066,EC 201,Senior,12,19,3.0,28,6,2,61.7,0,2.9,76%,3,34%,87%,5.6,61,0
S1067,CH 101,Senior,17,5,3.7,43,8,9,64.6,126,3.2,87%,1,41%,74%,5.3,59,1
S1068,MA 241,Senior,13,0,1.5,7,7,11,68.9,140,0.1,79%,3,40%,84%,5.9,67,1
S1069,BIO 181,Senior,15,8,4.3,37,8,14,78.0,324,2.9,95%,2,36%,91%,6.5,70,0
S1070,BIO 181,Sophomore,16,13,0.5,12,4,0,,0,1.0,79%,2,28%,73%,5.6,63,0
S1071,CH 101,Freshman,15,0,3.1,40,9,11,60.0,92,2.9,78%,2,44%,86%,5.8,61,0
S1072,PY 205,Senior,18,8,9.8,101,12,35,99.2,495,11.1,99%,1,0%,100%,5.5,91,0
S1073,CH 101,Freshman,16,26,0.5,3,6,10,65.7,302,2.1,73%,5,56%,79%,6.3,47,1
S1074,BIO 181,Senior,16,3,4.4,27,8,19,83.3,202,6.9,95%,1,8%,97%,6.5,79,0
S1075,CSC 216,Senior,15,0,6.9,52,9,25,71.6,300,3.9,88%,2,19%,72%,6.6,57,0
S1076,CSC 216,Junior,16,0,4.1,32,11,14,70.8,184,6.0,86%,2,4%,92%,6.5,65,0
S1077,CH 101,Freshman,12,3,5.6,49,8,18,56.6,181,2.9,86%,2,29%,81%,6.1,66,0
S1078,BIO 181,Junior,17,0,4.9,50,5,19,94.9,311,4.4,100%,0,0%,87%,,92,0
S1079,CH 101,Senior,14,11,5.1,32,4,10,51.0,82,3.5,83%,3,29%,75%,5.2,48,0
S1080,CSC 216,Freshman,12,16,6.8,52,14,19,91.6,274,8.5,89%,3,23%,90%,6.7,97,0
S1081,CSC 216,Senior,14,14,0.7,8,0,0,,0,1.3,75%,2,51%,68%,5.2,39,1
S1082,CH 101,Junior,14,,5.3,49,7,13,73.4,238,3.4,86%,1,41%,96%,6.9,62,0
S1083,BIO 181,Senior,18,0,8.7,78,5,16,81.1,300,6.6,92%,1,23%,91%,6.3,70,0
S1084,CH 101,Sophomore,14,15,5.7,67,9,10,65.2,162,3.6,84%,2,31%,77%,7.0,74,0
S1085,MA 241,Senior,14,0,2.7,16,0,1,62.0,0,0.0,85%,2,32%,69%,6.9,36,1
S1086,ST 311,Freshman,17,0,2.9,34,5,8,63.1,125,0.8,79%,3,41%,86%,6.6,65,0
S1087,PY 205,Junior,17,0,2.3,22,7,4,72.3,27,2.0,78%,3,30%,98%,6.2,62,0
S1088,MA 241,Senior,15,0,1.1,7,0,3,62.2,56,1.3,84%,3,23%,85%,7.3,62,1
S1089,PY 205,Sophomore,17,3,5.1,41,12,9,60.5,102,5.5,78%,2,32%,89%,6.9,70,0
S1090,MA 241,Freshman,12,28,5.3,35,11,15,82.0,204,3.2,86%,2,36%,100%,6.4,71,0
S1091,ECE 200,Senior,16,10,0.5,3,5,2,72.1,0,0.0,68%,4,35%,74%,5.5,43,1
S1092,ECE 200,Sophomore,12,14,3.0,25,0,7,76.2,109,0.0,65%,5,34%,72%,6.6,53,0
S1093,BIO 181,Freshman,13,8,0.5,3,5,0,,120,0.6,69%,4,36%,73%,6.6,62,1
S1094,MA 241,Senior,18,0,3.3,24,8,9,75.0,222,4.6,75%,3,19%,89%,7.9,55,0
S1095,BIO 181,Senior,18,0,8.4,77,17,30,87.1,407,9.7,86%,1,7%,93%,7.0,81,0
S1096,BIO 181,Senior,15,0,3.8,45,9,14,69.6,214,0.0,80%,2,32%,91%,5.4,64,0
S1097,MA 241,Junior,15,7,6.9,68,7,12,83.8,71,1.1,88%,0,32%,93%,5.7,87,0
S1098,EC 201,Freshman,17,20,2.5,23,5,16,62.6,269,2.5,66%,5,40%,84%,5.2,41,1
S1099,MA 241,Sophomore,15,0,2.8,18,7,5,54.2,129,0.5,84%,1,56%,89%,,54,1
S1100,ST 311,Sophomore,15,25,0.5,3,2,5,52.9,0,0.0,57%,5,57%,70%,4.3,48,1
S1101,PY 205,Sophomore,12,2,5.5,53,11,19,76.1,190,1.6,87%,1,29%,79%,6.5,79,0
S1102,BIO 181,Freshman,15,13,9.2,80,12,11,81.7,70,6.4,86%,2,16%,83%,6.5,84,0
S1103,ST 311,Freshman,12,0,4.2,42,8,14,79.6,187,3.3,77%,2,20%,76%,6.7,69,0
S1104,BIO 181,Freshman,14,0,5.3,49,10,23,79.2,268,5.5,86%,4,31%,91%,6.5,81,0
S1105,ECE 200,Freshman,13,0,2.7,29,5,7,72.7,134,3.9,93%,1,24%,100%,6.0,69,0
S1106,CH 101,Sophomore,16,0,4.1,62,0,18,80.2,275,6.7,83%,2,31%,100%,7.2,63,0
S1107,CH 101,Sophomore,15,3,5.7,55,2,12,78.4,82,4.1,75%,3,38%,74%,5.1,77,1
S1108,PY 205,Junior,17,10,3.9,39,4,23,77.9,266,3.9,82%,2,17%,82%,5.8,72,0
S1109,PY 205,Sophomore,17,0,6.0,53,12,13,77.3,161,5.2,85%,1,15%,92%,7.6,63,0
S1110,ST 311,Sophomore,12,0,2.5,30,3,4,73.5,37,4.3,76%,3,25%,75%,6.4,60,1
S1111,CH 101,Freshman,18,0,2.5,17,0,2,40.0,82,0.0,78%,2,33%,70%,6.5,51,1
S1112,CSC 216,Freshman,17,14,2.1,20,9,12,76.6,203,4.9,87%,2,16%,86%,6.8,70,0
S1113,PY 205,Sophomore,14,0,2.8,11,0,13,80.4,288,3.5,84%,1,24%,75%,5.9,69,0
S1114,PY 205,Freshman,15,0,6.2,72,7,10,70.8,9,2.8,82%,2,20%,87%,6.7,71,0
S1115,BIO 181,Freshman,12,0,9.9,101,21,16,88.2,386,6.6,100%,0,9%,91%,8.1,86,0
S1116,EC 201,Sophomore,13,10,1.2,3,4,12,63.3,207,0.3,79%,3,28%,70%,5.5,54,1
S1117,ECE 200,Freshman,14,17,4.8,57,7,15,84.7,198,6.1,91%,0,43%,88%,5.2,71,0
S1118,MA 241,Freshman,15,,9.1,87,9,18,79.1,194,4.5,83%,2,23%,93%,5.9,74,0
S1119,BIO 181,Junior,12,11,6.8,69,5,13,80.0,227,2.7,87%,1,16%,88%,6.6,75,0
S1120,BIO 181,Sophomore,18,3,5.3,51,12,24,81.5,424,7.0,100%,0,25%,85%,6.6,83,0
S1121,EC 201,Sophomore,18,19,1.3,10,15,17,77.6,283,2.6,67%,4,35%,96%,5.8,76,0
S1122,CH 101,Junior,14,16,2.7,32,14,0,,63,1.5,76%,3,22%,83%,6.1,59,1
S1123,ECE 200,Junior,17,8,4.7,41,4,19,78.9,268,2.9,86%,1,33%,95%,4.9,84,0
S1124,ST 311,Junior,15,0,5.4,41,8,8,69.4,89,3.7,86%,1,26%,93%,6.4,62,0
S1125,ECE 200,Sophomore,13,0,7.7,82,15,24,76.4,289,6.6,92%,0,16%,91%,6.8,90,0
S1126,CH 101,Freshman,15,0,2.6,23,6,12,61.1,58,2.7,82%,3,30%,85%,5.4,63,0
S1127,BIO 181,Senior,12,0,8.0,82,21,29,80.7,396,4.4,91%,2,30%,88%,5.4,84,0
S1128,CSC 216,Junior,15,20,3.7,34,3,0,,68,3.5,77%,3,61%,83%,4.6,65,0
S1129,ECE 200,Senior,17,5,2.2,27,8,7,61.6,219,1.1,79%,3,28%,89%,,62,1
S1130,CH 101,Freshman,12,22,1.0,3,1,10,71.9,143,3.9,61%,5,64%,60%,5.4,54,1
S1131,EC 201,Freshman,12,9,1.2,17,1,16,63.3,131,0.0,75%,4,39%,81%,4.9,59,1
S1132,EC 201,Senior,14,6,5.4,54,2,8,77.7,95,5.2,76%,3,25%,95%,6.2,75,0
S1133,PY 205,Freshman,13,35,0.5,3,4,1,69.0,42,3.7,71%,3,46%,70%,5.1,66,0
S1134,CH 101,Senior,12,0,0.5,10,10,5,68.5,170,1.9,81%,2,43%,89%,6.2,59,0
S1135,ST 311,Junior,16,15,5.9,61,17,26,94.6,378,3.8,91%,2,11%,97%,7.1,90,0
S1136,CSC 216,Freshman,13,3,5.9,56,14,25,93.4,429,3.9,71%,4,30%,87%,5.5,68,0
S1137,CSC 216,Junior,16,0,7.9,81,14,29,91.0,449,4.0,100%,1,25%,93%,6.0,83,0
S1138,CSC 216,Sophomore,14,17,1.4,7,6,3,57.9,72,0.4,66%,4,41%,79%,5.2,64,1
S1139,EC 201,Senior,15,3,0.5,3,6,0,,24,0.0,74%,5,36%,66%,5.8,45,1
S1140,PY 205,Junior,16,9,6.6,50,5,11,79.1,175,3.9,86%,1,39%,93%,4.6,79,0
S1141,CSC 216,Junior,18,0,2.1,24,8,2,53.7,15,3.3,62%,4,29%,75%,7.4,48,1
S1142,ST 311,Freshman,15,18,2.6,26,8,17,84.8,240,5.2,86%,1,40%,90%,6.6,71,0
S1143,EC 201,Freshman,14,12,1.9,4,3,13,76.4,154,5.1,83%,2,30%,85%,5.4,73,0
S1144,ECE 200,Sophomore,16,0,3.8,41,6,12,61.2,216,0.9,62%,5,24%,78%,6.7,44,1
S1145,ST 311,Junior,13,0,5.4,58,5,24,89.8,251,4.3,100%,0,29%,86%,6.3,86,0
S1146,ST 311,Senior,13,6,9.2,102,15,29,85.6,357,4.1,87%,2,15%,100%,7.3,100,0
S1147,EC 201,Freshman,12,5,3.7,34,9,20,71.0,336,3.3,68%,4,11%,96%,7.2,69,0
S1148,PY 205,Sophomore,14,11,3.4,45,4,7,76.8,44,4.0,95%,1,34%,99%,6.2,62,0
S1149,MA 241,Senior,15,0,6.3,47,15,20,73.6,307,4.6,79%,3,11%,89%,7.7,49,0
S1150,ECE 200,Freshman,15,0,1.9,28,0,0,,0,4.3,67%,5,26%,81%,6.5,35,1
S1151,MA 241,Junior,18,0,2.4,30,13,3,86.5,0,0.0,82%,3,32%,82%,5.9,61,0
S1152,ECE 200,Senior,14,1,4.1,37,11,5,74.0,73,5.9,85%,2,28%,84%,5.3,69,0
S1153,BIO 181,Junior,16,3,4.2,46,0,5,68.0,151,4.2,73%,3,22%,84%,5.4,51,0
S1154,CH 101,Freshman,15,0,6.1,40,9,22,81.4,294,3.7,95%,1,31%,83%,6.3,66,0
S1155,PY 205,Junior,18,0,1.7,17,0,6,63.8,132,1.1,76%,2,39%,86%,5.6,51,1
S1156,CH 101,Freshman,18,0,3.6,37,2,0,,54,3.8,95%,1,12%,67%,,70,0
S1157,PY 205,Freshman,15,2,2.3,22,11,1,57.4,0,0.3,70%,5,28%,80%,6.9,38,1
S1158,CH 101,Senior,15,0,3.6,40,6,19,84.4,317,5.1,83%,3,43%,85%,5.2,62,0
S1159,MA 241,Junior,17,0,6.3,65,11,19,89.7,235,7.5,95%,1,12%,98%,7.5,77,0
S1160,BIO 181,Freshman,12,0,9.2,75,13,17,76.3,300,4.0,90%,1,30%,90%,5.4,68,0
S1161,MA 241,Junior,16,11,9.2,90,15,27,80.1,361,7.9,100%,0,13%,100%,6.6,94,0
S1162,ST 311,Sophomore,17,6,7.1,61,8,13,71.0,225,0.2,88%,2,33%,97%,6.2,80,0
S1163,BIO 181,Junior,17,0,1.8,26,6,8,67.8,302,1.3,88%,2,21%,80%,6.0,56,0
S1164,CH 101,Junior,12,0,8.6,83,16,37,96.8,489,5.7,100%,0,12%,100%,7.4,100,0
S1165,CH 101,Senior,15,10,2.4,31,1,15,59.2,143,0.0,76%,2,31%,90%,5.6,69,0
S1166,ECE 200,Junior,15,13,5.1,68,11,9,84.8,136,7.5,87%,0,26%,98%,6.8,78,0
S1167,BIO 181,Freshman,12,0,4.5,52,6,17,71.6,285,5.7,83%,2,26%,84%,7.2,58,0
S1168,CSC 216,Sophomore,16,21,2.9,10,4,17,50.0,336,0.0,63%,5,44%,79%,5.0,40,1
S1169,ST 311,Freshman,15,7,6.0,47,13,13,80.0,273,4.4,87%,1,13%,84%,6.5,84,0
S1170,ECE 200,Freshman,15,3,6.1,58,13,17,79.1,225,5.0,85%,2,21%,94%,,83,0
S1171,PY 205,Freshman,14,0,5.5,55,7,24,69.4,314,0.8,84%,1,8%,84%,6.6,65,0
S1172,PY 205,Sophomore,14,18,4.3,42,1,13,58.0,107,0.1,74%,3,39%,87%,6.3,52,1
S1173,EC 201,Sophomore,17,0,6.7,63,11,28,80.7,345,5.3,100%,1,22%,88%,5.8,89,0
S1174,EC 201,Freshman,17,14,0.9,16,7,9,61.3,126,1.1,57%,6,32%,72%,5.0,68,1
S1175,EC 201,Senior,12,0,3.1,23,6,5,68.5,138,1.1,66%,3,38%,65%,6.3,60,1
S1176,CSC 216,Freshman,15,12,4.4,45,12,31,89.2,526,4.3,88%,1,41%,83%,4.5,86,0
S1177,CH 101,Sophomore,12,16,2.3,19,2,10,74.1,87,7.1,73%,4,20%,100%,6.4,63,0
S1178,MA 241,Junior,12,19,3.1,38,4,17,63.6,201,1.6,81%,3,46%,91%,4.8,48,1
S1179,ECE 200,Freshman,12,8,9.1,87,8,29,77.7,416,3.9,98%,0,5%,95%,6.3,77,0
S1180,MA 241,Sophomore,16,0,7.3,60,11,18,72.9,278,6.1,94%,1,36%,97%,6.3,79,0
S1181,CSC 216,Sophomore,16,15,5.1,40,5,18,91.7,286,6.8,83%,2,24%,98%,7.0,92,0
S1182,ECE 200,Senior,15,7,8.5,96,9,25,85.5,265,2.5,100%,0,26%,94%,7.4,66,0
S1183,ST 311,Freshman,13,0,3.4,38,9,14,66.8,126,1.0,72%,3,50%,86%,5.8,50,1
S1184,EC 201,Freshman,12,0,3.9,43,8,20,78.5,335,5.2,81%,2,14%,90%,7.4,83,0
S1185,CH 101,Sophomore,12,22,3.5,29,11,25,73.6,422,7.3,91%,0,40%,84%,5.0,74,0
S1186,CSC 216,Junior,18,11,3.1,26,11,26,78.6,327,4.8,86%,3,24%,89%,5.4,65,0
S1187,PY 205,Senior,14,11,3.5,16,3,14,78.6,202,4.1,74%,3,42%,86%,6.8,81,0
S1188,BIO 181,Sophomore,12,0,0.5,11,0,0,,50,0.0,60%,4,54%,64%,5.6,29,1
S1189,ST 311,Senior,18,16,5.1,48,12,15,72.9,231,1.4,84%,1,27%,77%,,75,0
S1190,ECE 200,Junior,18,0,5.1,58,3,13,85.7,125,1.9,78%,3,5%,85%,6.9,75,0
S1191,ECE 200,Senior,15,2,4.0,49,12,19,65.5,282,2.2,80%,3,33%,96%,6.2,70,0
S1192,ST 311,Senior,14,18,7.4,71,12,19,73.1,200,3.6,88%,0,31%,83%,5.3,68,0
S1193,MA 241,Senior,13,3,5.3,53,11,17,67.5,268,4.2,82%,2,31%,85%,6.8,63,0
S1194,ECE 200,Freshman,15,,3.6,43,7,17,90.6,220,2.6,99%,0,25%,100%,5.2,73,0
S1195,EC 201,Senior,13,10,0.5,3,0,0,,0,0.0,63%,5,33%,85%,6.8,42,1
S1196,PY 205,Junior,13,5,0.9,16,6,1,54.0,18,2.0,66%,5,29%,74%,6.5,46,1
S1197,MA 241,Freshman,18,0,5.1,33,17,20,77.0,238,6.4,94%,1,10%,88%,7.6,66,0
S1198,CH 101,Freshman,12,0,2.5,28,11,23,75.9,254,3.8,89%,0,12%,90%,6.0,77,0
S1199,ECE 200,Freshman,13,18,5.3,48,6,13,77.9,218,2.4,76%,3,38%,75%,5.5,73,1
S1200,CH 101,Sophomore,12,0,3.0,29,1,19,89.6,225,2.2,92%,1,24%,76%,6.9,70,0
S1201,PY 205,Freshman,12,0,6.0,48,8,18,87.7,330,3.6,82%,2,5%,100%,7.3,69,0
S1202,MA 241,Sophomore,12,0,5.9,49,6,13,61.2,249,4.0,90%,2,30%,83%,5.6,58,1
S1203,ECE 200,Freshman,18,11,5.2,44,4,15,88.1,261,1.4,80%,2,21%,82%,4.8,60,0
S1204,CH 101,Freshman,18,0,5.3,49,6,15,78.8,128,2.9,79%,1,29%,82%,6.9,65,0
S1205,PY 205,Freshman,18,0,6.3,52,16,21,92.7,330,4.9,79%,1,23%,85%,7.1,87,0
S1206,ECE 200,Freshman,14,10,5.5,39,3,8,79.0,59,2.5,80%,2,43%,91%,6.8,67,1
S1207,ST 311,Senior,18,0,7.1,83,11,15,74.7,271,3.6,83%,1,29%,96%,7.0,78,0
S1208,MA 241,Junior,18,0,3.7,40,14,25,80.6,289,4.7,100%,0,17%,82%,6.2,63,0
S1209,ECE 200,Junior,14,0,5.6,45,12,14,84.9,180,3.0,91%,1,19%,81%,,74,0
S1210,ST 311,Senior,15,5,1.8,14,10,8,68.3,153,0.3,77%,4,24%,75%,5.2,63,0
S1211,EC 201,Sophomore,15,16,5.5,51,5,10,70.1,109,4.6,78%,2,45%,83%,6.5,68,0
S1212,ST 311,Senior,13,0,7.3,72,13,21,89.2,270,5.7,100%,1,7%,90%,5.5,81,0
S1213,ECE 200,Junior,16,34,4.5,34,0,6,62.4,92,2.9,76%,3,41%,81%,4.6,52,1
S1214,MA 241,Sophomore,15,12,4.2,33,3,11,74.6,144,4.9,85%,1,35%,99%,4.9,59,0
S1215,CSC 216,Junior,14,0,4.4,47,11,9,80.1,141,4.0,78%,3,12%,100%,6.7,85,0
S1216,EC 201,Sophomore,16,6,2.6,46,9,13,76.8,195,1.2,82%,3,22%,74%,6.6,62,0
S1217,CSC 216,Freshman,15,11,3.7,41,10,6,66.5,8,2.1,66%,5,18%,83%,5.1,62,0
S1218,CSC 216,Freshman,12,6,2.2,21,4,6,60.5,227,0.9,69%,3,41%,70%,6.2,33,1
S1219,MA 241,Senior,15,0,3.3,20,7,0,,69,1.1,86%,1,17%,74%,,66,1
S1220,CSC 216,Sophomore,12,9,3.1,34,2,9,65.3,157,1.9,66%,5,23%,79%,5.8,49,1
S1221,ST 311,Senior,15,,4.3,32,1,10,64.6,99,0.1,71%,3,38%,91%,7.0,48,1
S1222,BIO 181,Sophomore,14,2,1.2,19,7,8,61.9,171,3.6,73%,3,9%,89%,6.6,52,1
S1223,MA 241,Freshman,12,0,2.9,26,12,10,68.7,113,2.3,69%,5,22%,80%,6.7,56,0
S1224,EC 201,Sophomore,12,8,5.0,41,16,16,65.9,229,3.3,83%,2,26%,80%,6.4,70,0
S1225,EC 201,Freshman,12,,3.9,47,10,16,72.0,212,1.8,73%,3,27%,76%,6.9,65,1
S1226,PY 205,Junior,16,5,1.2,10,0,6,57.0,97,0.0,82%,2,27%,86%,6.5,50,0
S1227,ST 311,Sophomore,17,0,5.0,42,6,16,73.5,328,1.0,87%,2,35%,79%,6.6,62,1
S1228,CSC 216,Junior,14,0,2.0,19,4,4,55.5,33,1.3,68%,5,21%,68%,6.3,66,0
S1229,PY 205,Freshman,15,24,4.2,58,5,15,83.9,291,4.4,80%,2,41%,90%,4.2,69,0
S1230,CH 101,Freshman,17,21,4.2,43,8,20,74.9,310,1.7,94%,1,39%,82%,4.8,57,1
S1231,MA 241,Freshman,14,0,6.6,64,10,20,93.9,230,9.1,94%,1,8%,85%,6.7,72,0
S1232,EC 201,Senior,15,5,8.1,62,11,25,85.8,489,4.8,98%,1,26%,100%,7.2,90,0
S1233,ST 311,Freshman,16,0,9.0,98,16,19,79.5,312,4.0,99%,0,9%,95%,6.5,77,0
S1234,CH 101,Sophomore,15,21,7.3,58,9,14,92.6,110,4.7,90%,1,19%,100%,4.6,88,0
S1235,CH 101,Sophomore,18,2,3.3,32,8,9,65.9,107,0.0,66%,5,28%,84%,7.4,54,1
S1236,ECE 200,Freshman,12,4,3.8,34,8,18,91.1,201,4.2,86%,2,15%,100%,7.0,77,0
S1237,PY 205,Freshman,12,35,2.1,20,11,21,66.7,245,3.9,66%,4,36%,91%,5.1,72,0
S1238,BIO 181,Sophomore,18,13,5.3,50,16,13,79.7,135,5.3,86%,1,6%,89%,,84,0
S1239,CSC 216,Sophomore,15,13,4.9,34,12,27,90.6,382,6.8,91%,0,10%,85%,5.3,97,0
S1240,ECE 200,Senior,14,12,7.5,69,15,22,100.0,319,7.5,100%,0,10%,86%,,97,0
S1241,ECE 200,Senior,18,28,4.5,34,14,18,76.2,297,4.5,80%,2,36%,93%,,73,1
S1242,BIO 181,Junior,18,24,5.3,39,12,24,75.3,340,3.4,81%,2,34%,93%,5.7,82,0
S1243,EC 201,Freshman,17,19,3.5,31,14,3,68.4,46,4.2,71%,4,35%,79%,5.9,61,0
S1244,EC 201,Sophomore,12,0,4.1,47,8,11,77.5,243,2.2,70%,3,47%,80%,6.8,66,0
S1245,MA 241,Freshman,15,3,3.8,38,10,11,84.2,116,3.7,85%,3,8%,93%,7.3,67,0
S1246,ST 311,Senior,17,0,4.0,31,4,13,79.5,213,3.5,74%,1,24%,77%,7.4,70,0
S1247,MA 241,Freshman,15,31,1.0,17,5,0,,63,0.0,68%,3,46%,81%,5.7,49,1
S1248,CSC 216,Sophomore,16,4,3.5,47,16,10,72.7,204,4.6,90%,1,15%,94%,6.5,89,0
S1249,BIO 181,Freshman,17,0,5.9,44,11,7,68.6,54,0.4,96%,1,9%,87%,7.2,63,0
S1250,EC 201,Freshman,16,15,3.9,25,6,19,69.3,243,5.8,78%,2,27%,100%,,68,0
S1251,PY 205,Senior,14,6,2.6,39,7,4,79.0,53,2.5,81%,3,23%,87%,7.1,48,0
S1252,EC 201,Sophomore,16,6,7.8,68,5,11,66.8,197,5.3,87%,3,39%,88%,5.6,67,0
S1253,CSC 216,Sophomore,18,8,3.5,40,9,13,71.0,248,3.7,81%,2,23%,87%,5.6,62,0
S1254,BIO 181,Junior,15,0,4.8,39,7,4,68.6,50,4.7,92%,0,20%,71%,7.9,72,0
S1255,CSC 216,Sophomore,14,0,4.2,42,2,3,76.3,131,0.0,81%,2,45%,82%,6.5,59,0
S1256,ECE 200,Senior,15,23,4.7,49,6,11,88.6,192,3.2,85%,2,17%,86%,5.1,82,0
S1257,EC 201,Junior,13,35,8.5,69,13,28,96.4,351,7.4,88%,0,26%,100%,4.2,76,0
S1258,PY 205,Freshman,14,0,9.9,103,12,20,96.7,336,3.7,96%,0,30%,93%,6.1,81,0
S1259,ECE 200,Sophomore,14,4,2.2,15,8,13,77.3,80,0.7,70%,3,35%,77%,6.5,64,1
S1260,BIO 181,Freshman,17,0,9.4,88,6,14,89.2,190,7.5,81%,2,19%,85%,5.9,70,0
S1261,CH 101,Sophomore,16,5,0.5,3,7,4,46.6,0,0.0,71%,4,47%,75%,6.3,47,1
S1262,PY 205,Sophomore,17,,0.5,8,0,3,64.7,51,0.0,72%,4,19%,86%,6.7,51,1
S1263,MA 241,Junior,12,19,5.2,53,16,21,60.0,358,3.0,78%,3,27%,92%,,68,0
S1264,ECE 200,Freshman,13,12,4.9,39,1,10,76.8,184,2.3,89%,3,21%,89%,5.6,62,0
S1265,EC 201,Sophomore,18,13,0.7,16,3,11,63.5,19,2.3,62%,5,36%,84%,6.1,60,0
S1266,PY 205,Sophomore,15,12,0.5,3,1,1,57.8,34,0.0,72%,3,38%,74%,5.1,27,1
S1267,PY 205,Senior,18,0,1.0,13,2,7,69.4,138,1.0,82%,2,26%,71%,5.9,47,1
S1268,MA 241,Junior,14,0,2.4,28,16,11,55.4,204,2.1,91%,1,32%,80%,6.4,66,0
S1269,ST 311,Freshman,13,0,4.7,41,5,12,74.8,209,2.7,92%,1,26%,100%,6.2,60,0
S1270,ECE 200,Junior,15,2,4.7,44,18,25,82.8,400,5.9,89%,2,25%,84%,5.0,90,0
S1271,BIO 181,Freshman,13,17,8.9,91,0,21,89.4,213,4.8,85%,4,30%,88%,6.4,85,0
S1272,EC 201,Junior,14,0,5.7,42,0,12,72.5,166,0.9,100%,0,10%,87%,6.9,62,0
S1273,BIO 181,Freshman,15,0,5.1,46,10,20,69.2,244,5.3,100%,1,19%,83%,7.5,78,0
S1274,CH 101,Freshman,16,0,4.1,56,3,12,86.6,166,2.3,84%,2,23%,87%,6.3,64,1
S1275,CSC 216,Senior,15,3,5.7,49,0,13,70.6,198,2.7,80%,2,37%,88%,5.8,58,1
S1276,MA 241,Senior,15,0,5.4,64,5,7,74.2,49,2.4,83%,3,8%,92%,5.3,65,1
S1277,CH 101,Sophomore,15,0,4.1,49,8,22,98.0,280,4.9,92%,1,24%,94%,5.5,74,0
S1278,ECE 200,Freshman,18,14,2.2,30,2,7,54.2,133,0.9,89%,1,48%,92%,5.8,42,1
S1279,ST 311,Freshman,18,0,7.3,77,9,18,76.5,221,4.8,98%,0,13%,91%,5.6,77,0
S1280,CH 101,Freshman,15,8,7.1,66,12,23,91.2,298,5.9,87%,1,26%,98%,5.4,92,0
S1281,EC 201,Sophomore,15,0,6.1,60,10,15,75.6,216,1.8,82%,2,23%,79%,7.0,66,0
S1282,ECE 200,Freshman,12,0,4.4,54,12,10,73.3,218,7.8,86%,2,29%,82%,6.4,62,0
S1283,ST 311,Sophomore,16,0,0.5,3,4,0,,0,0.0,67%,4,43%,88%,6.5,50,0
S1284,EC 201,Freshman,16,9,9.9,104,9,30,82.2,329,8.1,95%,0,19%,100%,6.4,97,0
S1285,ST 311,Freshman,12,0,4.8,43,7,14,77.8,142,5.0,94%,0,37%,80%,6.5,80,0
S1286,MA 241,Senior,12,24,2.8,41,6,18,75.3,261,2.9,75%,5,26%,97%,6.1,64,1
S1287,ECE 200,Junior,12,29,3.4,46,11,18,65.8,153,2.8,64%,4,46%,84%,5.4,71,1
S1288,ECE 200,Junior,15,22,2.0,25,5,17,79.3,189,5.4,91%,1,54%,87%,5.3,76,0
S1289,EC 201,Junior,15,7,2.8,35,10,12,70.2,118,4.8,75%,4,29%,88%,,53,0
S1290,CSC 216,Freshman,12,19,2.3,17,3,20,59.0,396,1.1,87%,2,28%,93%,5.5,65,0
S1291,ECE 200,Junior,18,1,1.8,23,5,10,72.8,188,5.8,72%,4,28%,80%,7.0,58,1
S1292,EC 201,Senior,12,0,3.9,41,8,22,68.1,261,4.9,94%,0,12%,70%,7.3,57,0
S1293,CH 101,Senior,13,17,0.5,12,8,15,72.2,156,0.4,74%,3,23%,83%,6.0,49,1
S1294,BIO 181,Sophomore,16,0,7.4,82,15,20,79.9,207,7.0,88%,2,40%,88%,,95,0
S1295,CSC 216,Senior,16,17,4.3,40,7,11,64.7,160,4.4,82%,3,27%,81%,5.8,65,0
S1296,CSC 216,Junior,17,3,5.0,42,6,14,70.7,193,2.6,80%,1,35%,90%,6.0,72,0
S1297,ST 311,Freshman,18,0,9.0,84,20,36,83.7,419,12.1,100%,1,17%,100%,5.8,95,0
S1298,EC 201,Sophomore,18,7,3.7,37,8,12,82.3,189,4.3,99%,0,33%,100%,6.0,82,0
S1299,BIO 181,Freshman,15,,0.9,6,10,8,81.4,177,5.1,82%,3,9%,83%,4.7,71,0
S1300,ECE 200,Freshman,15,0,3.7,38,9,13,79.9,213,2.6,80%,3,18%,87%,6.3,72,0
S1301,MA 241,Sophomore,12,5,1.8,21,3,0,,2,0.0,82%,3,37%,74%,4.5,49,1
S1302,EC 201,Junior,15,0,6.9,63,8,15,67.6,293,6.7,100%,1,19%,93%,6.7,74,0
S1303,EC 201,Freshman,14,0,8.8,94,16,26,81.4,384,6.8,92%,1,18%,95%,6.1,84,0
S1304,PY 205,Freshman,12,0,4.5,35,9,16,66.6,240,8.1,90%,0,22%,95%,5.6,68,0
S1305,EC 201,Sophomore,15,23,6.2,64,9,29,94.1,451,8.7,97%,1,12%,100%,6.3,81,0
S1306,MA 241,Freshman,12,2,3.2,33,2,5,68.7,0,3.8,77%,3,29%,85%,7.0,43,1
S1307,ECE 200,Junior,15,10,0.5,3,7,0,,91,2.1,60%,3,36%,72%,,50,1
S1308,CH 101,Freshman,18,0,4.1,43,14,16,73.2,235,4.6,84%,2,11%,75%,6.9,67,0
S1309,ST 311,Sophomore,15,0,1.2,3,4,0,,0,2.4,87%,3,29%,65%,5.7,51,0
S1310,MA 241,Senior,16,0,3.9,40,6,14,69.7,239,3.7,76%,3,16%,81%,5.7,53,0
S1311,EC 201,Senior,12,17,4.7,48,13,10,87.6,77,2.4,91%,1,42%,94%,5.1,80,0
S1312,BIO 181,Freshman,14,0,1.4,13,3,2,78.0,0,1.0,78%,3,15%,73%,6.0,50,1
S1313,BIO 181,Freshman,12,5,2.4,22,3,14,72.2,221,2.1,87%,2,19%,83%,7.2,71,0
S1314,ST 311,Freshman,14,8,6.4,52,11,8,64.5,143,4.7,93%,1,31%,97%,6.4,80,0
S1315,ECE 200,Sophomore,12,0,4.4,31,5,8,65.5,34,0.2,77%,4,21%,78%,5.4,49,1
S1316,EC 201,Freshman,15,0,2.3,12,10,11,69.1,145,0.4,66%,4,48%,81%,6.0,56,1
S1317,MA 241,Junior,16,0,4.6,41,9,8,79.5,59,4.9,81%,4,24%,84%,6.7,67,0
S1318,BIO 181,Sophomore,16,18,6.2,45,14,22,73.3,284,7.4,81%,1,27%,93%,4.4,70,0
S1319,CH 101,Freshman,18,0,1.9,12,4,14,79.8,135,1.0,86%,1,33%,95%,5.5,53,0
S1320,PY 205,Freshman,18,0,3.1,36,8,9,63.8,172,1.7,75%,4,55%,78%,6.9,40,1
S1321,BIO 181,Freshman,16,3,5.3,46,6,11,69.3,166,3.9,76%,2,32%,93%,5.3,64,0
S1322,CH 101,Junior,16,0,3.8,25,13,22,71.4,247,3.8,84%,3,29%,72%,5.4,79,0
S1323,MA 241,Freshman,15,,2.4,33,12,5,64.8,95,3.9,82%,2,40%,81%,4.7,68,0
S1324,ECE 200,Freshman,12,17,0.5,3,6,14,87.3,196,4.2,71%,4,32%,82%,5.9,71,0
S1325,ST 311,Junior,16,0,4.2,31,6,11,80.7,151,0.4,87%,1,44%,87%,6.4,52,1
S1326,ST 311,Freshman,15,7,1.9,10,0,7,63.3,13,0.0,66%,6,42%,80%,4.9,39,1
S1327,PY 205,Junior,18,0,7.0,74,15,15,79.0,143,3.8,100%,1,24%,92%,6.8,69,0
S1328,CH 101,Freshman,13,0,3.8,36,14,7,63.0,82,5.5,66%,4,18%,87%,5.7,51,1
S1329,BIO 181,Junior,18,21,5.4,50,18,27,71.1,323,6.3,93%,1,27%,98%,5.7,74,0
S1330,ST 311,Sophomore,13,9,3.8,40,1,10,73.5,112,0.0,81%,0,33%,80%,6.4,66,0
S1331,CSC 216,Freshman,12,0,5.7,53,9,13,98.2,213,2.2,82%,2,8%,92%,5.9,85,0
S1332,ECE 200,Junior,15,12,3.0,30,6,6,73.3,126,3.9,80%,2,16%,94%,4.6,62,0
S1333,ECE 200,Freshman,14,0,2.5,16,5,8,64.4,103,2.0,77%,3,16%,82%,5.6,59,0
S1334,MA 241,Junior,15,0,5.2,51,3,6,53.3,61,1.5,75%,4,40%,80%,6.3,34,1
S1335,CH 101,Senior,14,0,4.4,33,6,2,58.7,0,4.5,78%,4,25%,87%,5.7,59,0
S1336,PY 205,Freshman,13,9,2.9,28,1,8,76.8,106,4.4,85%,1,11%,90%,7.4,73,0
S1337,ECE 200,Sophomore,17,20,1.9,4,6,0,,0,0.0,59%,5,28%,82%,6.2,55,1
S1338,CSC 216,Junior,17,22,2.6,26,10,12,66.5,143,3.2,80%,2,41%,75%,6.4,62,1
S1339,MA 241,Freshman,14,0,0.5,14,0,0,,34,0.0,66%,3,31%,59%,7.1,32,1
S1340,CSC 216,Sophomore,14,7,5.5,55,3,6,69.3,5,0.2,89%,1,20%,77%,5.8,63,1
S1341,EC 201,Freshman,16,,3.6,33,5,17,77.8,277,0.6,78%,3,27%,98%,6.2,66,0
S1342,ECE 200,Sophomore,15,14,7.0,65,7,25,84.6,288,1.0,80%,2,30%,86%,,63,0
S1343,MA 241,Freshman,16,0,4.4,39,7,12,83.5,81,8.6,87%,2,13%,83%,7.4,58,0
S1344,CSC 216,Junior,18,7,3.5,13,5,5,74.5,14,2.8,79%,3,11%,86%,6.8,67,0
S1345,BIO 181,Junior,17,4,5.7,61,16,21,64.8,227,0.0,88%,2,38%,94%,5.4,61,1
S1346,PY 205,Junior,15,0,3.6,38,8,8,63.1,104,6.4,95%,2,19%,90%,6.4,65,0
S1347,CSC 216,Senior,16,0,3.0,20,7,1,81.2,119,2.5,82%,2,31%,86%,7.0,56,1
S1348,ECE 200,Senior,13,0,1.3,11,4,4,63.3,153,0.0,68%,5,37%,69%,4.0,47,1
S1349,ECE 200,Freshman,17,14,7.8,83,12,19,84.3,246,6.9,89%,0,22%,87%,6.6,81,0
S1350,PY 205,Junior,13,0,1.6,5,1,0,,0,0.0,86%,1,35%,86%,7.0,55,0
S1351,ST 311,Sophomore,15,0,7.9,74,10,18,89.5,327,5.1,94%,0,19%,95%,6.4,91,0
S1352,MA 241,Freshman,15,0,5.9,60,13,23,86.6,379,4.0,96%,0,19%,94%,7.8,79,0
S1353,PY 205,Senior,14,0,6.7,57,12,17,82.3,187,4.0,89%,1,29%,97%,6.5,68,0
S1354,BIO 181,Sophomore,17,5,8.2,81,6,19,73.9,296,5.3,89%,2,14%,96%,6.1,73,0
S1355,EC 201,Sophomore,15,0,7.4,62,17,23,81.5,339,5.8,100%,0,11%,100%,7.9,93,0
S1356,MA 241,Freshman,18,15,1.0,19,8,0,,65,1.0,78%,2,31%,75%,7.0,50,1
S1357,PY 205,Junior,14,7,6.5,58,6,6,80.5,237,3.1,81%,4,21%,79%,6.7,47,0
S1358,PY 205,Senior,16,0,6.0,49,8,20,88.6,271,2.2,72%,4,0%,89%,7.4,75,0
S1359,CH 101,Junior,13,0,4.3,43,8,5,62.5,113,0.6,95%,1,12%,73%,6.3,54,1
S1360,PY 205,Junior,13,14,9.1,71,12,22,91.8,312,5.9,89%,1,25%,100%,5.5,86,0
S1361,CH 101,Freshman,15,11,2.7,24,0,0,,11,1.2,77%,3,21%,86%,5.5,66,0
S1362,ECE 200,Freshman,18,0,4.7,42,2,0,,0,1.2,79%,3,21%,87%,7.6,53,1
S1363,CSC 216,Sophomore,15,0,7.7,88,19,19,72.5,247,2.6,91%,1,27%,91%,6.1,62,0
S1364,CSC 216,Junior,15,12,5.1,53,7,15,90.3,240,6.2,91%,2,9%,90%,7.3,70,0
S1365,ECE 200,Freshman,18,0,4.8,54,5,9,69.1,76,3.2,78%,3,48%,83%,6.1,65,0
S1366,BIO 181,Freshman,13,0,2.8,20,14,15,78.3,232,0.8,90%,2,44%,78%,7.3,80,0
S1367,EC 201,Senior,17,0,7.6,62,7,13,77.4,199,5.4,82%,2,0%,96%,8.1,74,0
S1368,CH 101,Freshman,16,,2.2,8,1,16,75.9,212,2.4,83%,3,49%,72%,5.4,41,1
S1369,PY 205,Junior,16,5,0.9,14,2,5,64.4,192,1.9,84%,1,40%,66%,5.2,61,1
S1370,MA 241,Sophomore,14,8,2.8,18,7,12,80.1,226,2.8,87%,1,42%,84%,5.8,55,0
S1371,BIO 181,Senior,17,0,3.0,18,3,11,64.8,201,0.2,92%,0,12%,88%,6.9,62,0
S1372,CSC 216,Freshman,18,4,5.3,58,11,23,83.8,387,0.1,85%,3,24%,67%,6.0,53,1
S1373,MA 241,Junior,14,0,7.6,79,18,25,77.2,358,5.8,100%,1,17%,96%,7.4,78,0
S1374,PY 205,Senior,15,7,5.6,49,17,18,87.6,230,6.0,85%,2,20%,78%,6.4,65,0
S1375,CH 101,Junior,16,10,5.0,44,13,12,63.1,203,5.6,92%,2,32%,86%,5.3,78,0
S1376,CH 101,Sophomore,15,12,2.7,24,6,13,70.1,201,3.4,78%,3,31%,80%,5.7,51,0
S1377,MA 241,Senior,13,0,2.0,12,4,19,89.4,312,3.2,97%,0,32%,95%,5.0,78,0
S1378,MA 241,Junior,17,3,4.3,33,6,11,78.2,166,1.3,94%,0,7%,92%,7.1,71,0
S1379,MA 241,Junior,16,24,3.8,37,20,24,66.8,323,5.5,88%,1,38%,99%,3.5,66,0
S1380,ST 311,Freshman,15,6,8.9,83,12,14,85.9,169,5.0,100%,0,28%,92%,6.6,80,0
S1381,ECE 200,Junior,15,0,0.5,3,8,16,80.6,155,2.3,83%,3,46%,81%,6.2,62,0
S1382,MA 241,Senior,15,0,3.1,37,0,4,66.4,0,0.0,54%,7,18%,67%,6.5,50,1
S1383,CSC 216,Junior,14,0,4.7,60,13,19,69.7,340,2.1,73%,3,5%,87%,6.0,76,0
S1384,ECE 200,Sophomore,15,7,4.9,38,9,13,75.5,185,0.0,78%,2,19%,85%,5.3,73,0
S1385,EC 201,Senior,12,0,4.8,43,6,11,87.6,170,0.4,78%,2,30%,91%,7.9,70,0
S1386,ECE 200,Freshman,14,26,1.6,3,10,14,81.3,154,1.5,61%,6,32%,85%,4.4,63,1
S1387,ECE 200,Sophomore,17,0,3.2,38,9,9,57.8,91,0.8,83%,1,44%,82%,5.3,64,1
S1388,PY 205,Senior,12,22,7.2,56,1,6,84.9,113,3.4,83%,2,19%,85%,6.0,64,0
S1389,ST 311,Junior,16,0,4.6,43,13,21,63.0,304,4.5,90%,2,27%,96%,6.8,64,0
S1390,ECE 200,Freshman,16,4,7.4,74,13,23,70.2,409,6.1,100%,0,21%,91%,7.1,76,0
S1391,CH 101,Sophomore,16,13,0.5,11,0,6,59.7,0,0.0,66%,3,54%,70%,6.2,59,0
S1392,BIO 181,Senior,12,0,1.6,5,1,0,,7,0.0,71%,4,38%,69%,6.6,56,1
S1393,CSC 216,Senior,17,9,8.1,69,10,26,93.8,383,5.6,85%,2,13%,87%,7.1,69,0
S1394,MA 241,Freshman,14,0,6.4,57,15,16,78.4,192,7.2,89%,2,0%,92%,6.6,60,0
S1395,ECE 200,Freshman,13,10,2.7,12,13,19,69.0,302,3.6,86%,1,23%,91%,7.5,74,0
S1396,EC 201,Freshman,12,22,0.5,3,7,14,78.9,173,0.0,76%,2,55%,81%,5.6,57,0
S1397,BIO 181,Freshman,15,0,2.9,31,7,11,55.9,154,0.0,78%,3,22%,83%,6.8,57,0
S1398,ECE 200,Freshman,16,,5.2,56,10,11,79.4,258,5.8,70%,3,35%,93%,5.3,53,0
S1399,BIO 181,Freshman,15,29,3.9,26,8,13,73.1,115,0.0,74%,3,51%,82%,4.7,60,1
S1400,EC 201,Junior,18,2,1.1,3,8,0,,27,1.1,71%,3,25%,84%,6.2,41,1
S1401,MA 241,Sophomore,14,0,2.6,18,11,15,92.4,177,0.4,73%,4,33%,87%,6.5,67,0
S1402,BIO 181,Freshman,12,10,2.4,32,5,3,68.8,0,1.5,79%,3,36%,80%,6.3,60,0
S1403,MA 241,Senior,14,30,4.4,36,8,21,67.9,318,2.4,67%,4,27%,87%,7.0,66,1
S1404,PY 205,Sophomore,13,0,7.9,75,13,20,90.4,139,7.2,90%,1,21%,97%,6.5,99,0
S1405,ECE 200,Freshman,16,0,4.2,48,7,12,71.1,188,1.5,92%,1,24%,100%,6.8,78,0
S1406,ST 311,Junior,16,18,4.1,43,13,9,73.0,33,7.4,84%,2,29%,92%,5.8,65,0
S1407,ST 311,Freshman,15,1,8.2,82,10,22,72.4,298,3.0,100%,0,25%,99%,7.4,84,0
S1408,MA 241,Freshman,14,0,5.7,63,5,9,64.2,77,2.7,90%,1,5%,71%,7.5,63,1
S1409,EC 201,Junior,15,0,5.7,39,4,10,65.9,188,2.3,65%,5,29%,73%,6.0,60,1
S1410,CSC 216,Freshman,16,0,7.4,72,10,17,56.7,241,1.1,77%,3,40%,81%,5.2,49,1
S1411,CH 101,Junior,13,20,2.2,22,13,14,81.3,214,0.4,77%,2,44%,72%,5.7,66,1
S1412,CSC 216,Sophomore,15,6,4.5,37,11,25,78.2,261,8.5,100%,1,17%,100%,6.6,89,0
S1413,CH 101,Senior,13,0,4.0,45,4,12,69.6,234,2.5,83%,1,37%,92%,6.2,68,0
S1414,ECE 200,Freshman,16,0,5.2,58,16,24,85.4,289,3.2,98%,1,31%,87%,5.5,78,0
S1415,BIO 181,Senior,15,0,4.4,36,10,19,75.6,340,3.9,78%,1,19%,81%,7.3,68,0
S1416,MA 241,Junior,15,7,4.5,30,12,18,94.6,188,2.1,82%,2,37%,91%,6.4,85,0
S1417,EC 201,Senior,15,16,3.7,12,18,17,74.6,301,4.4,94%,3,26%,89%,5.7,50,0
S1418,ST 311,Freshman,14,0,5.4,66,12,20,80.9,328,1.8,99%,0,29%,84%,5.4,79,0
S1419,PY 205,Freshman,17,0,7.4,64,11,9,81.4,190,7.0,99%,1,14%,88%,8.2,74,0
S1420,EC 201,Freshman,12,,3.9,39,3,2,71.6,0,0.4,94%,1,34%,84%,7.0,47,0
S1421,CH 101,Senior,14,14,6.3,59,12,21,63.0,267,9.0,88%,2,4%,98%,7.0,88,0
S1422,BIO 181,Freshman,14,0,5.0,59,15,20,80.7,279,4.3,99%,0,8%,89%,6.7,83,0
S1423,CSC 216,Freshman,13,10,1.0,3,10,17,68.7,275,0.7,76%,4,36%,70%,5.5,62,1
S1424,BIO 181,Sophomore,16,17,5.0,45,6,15,70.4,322,1.0,82%,3,52%,89%,4.9,71,1
S1425,EC 201,Senior,12,4,1.7,9,0,4,68.0,42,2.0,97%,1,35%,84%,7.4,56,0
S1426,MA 241,Sophomore,15,0,3.2,26,0,14,79.6,192,3.7,74%,3,37%,100%,5.4,73,1
S1427,EC 201,Freshman,16,5,2.9,18,4,9,67.7,102,2.3,76%,2,39%,84%,5.2,57,1
S1428,CH 101,Sophomore,14,19,4.7,35,14,22,83.4,376,4.6,87%,2,30%,93%,5.7,63,0
S1429,CSC 216,Junior,14,18,8.3,79,20,38,93.6,491,7.5,100%,0,19%,100%,7.4,100,0
S1430,ECE 200,Sophomore,15,2,9.4,89,12,26,74.8,318,1.7,100%,0,8%,90%,5.5,80,0
S1431,ST 311,Freshman,14,0,4.9,36,7,17,94.8,278,3.7,83%,2,0%,83%,7.6,67,0
S1432,MA 241,Sophomore,14,,4.3,39,13,8,60.5,92,2.9,82%,1,48%,72%,4.9,59,1
S1433,EC 201,Sophomore,15,0,5.4,42,9,9,75.9,234,6.5,89%,0,11%,92%,6.8,71,0
S1434,ST 311,Freshman,14,0,7.3,74,11,24,84.9,338,6.3,100%,0,32%,98%,6.6,65,0
S1435,CH 101,Junior,16,9,4.0,44,13,15,64.0,83,3.8,88%,1,25%,84%,6.3,59,0
S1436,ST 311,Senior,14,34,4.2,48,14,21,75.6,266,2.9,80%,3,33%,85%,4.9,73,0
S1437,ST 311,Freshman,17,16,2.8,24,4,3,65.3,0,0.0,67%,5,30%,78%,5.2,57,1
S1438,CH 101,Junior,18,0,1.0,4,1,8,69.9,99,0.0,84%,1,20%,76%,5.6,76,0
S1439,ST 311,Sophomore,16,28,1.3,12,5,3,60.6,17,1.6,59%,6,35%,70%,5.6,50,1
S1440,CH 101,Freshman,14,6,7.2,63,17,19,90.9,247,7.2,98%,0,23%,100%,,75,0
S1441,ECE 200,Sophomore,15,6,5.6,52,9,14,64.8,98,4.2,97%,0,30%,96%,5.3,54,0
S1442,CH 101,Freshman,16,0,6.3,55,17,10,82.8,164,3.5,83%,3,9%,83%,7.5,70,0
S1443,ECE 200,Freshman,14,16,2.4,13,6,12,80.0,97,4.1,71%,3,46%,90%,6.3,67,0
S1444,BIO 181,Junior,15,4,0.8,9,6,20,64.5,397,1.2,68%,4,35%,81%,5.7,40,1
S1445,MA 241,Sophomore,12,10,4.5,49,6,19,66.7,347,2.2,84%,2,27%,81%,6.3,67,0
S1446,CSC 216,Senior,15,7,2.1,25,4,15,60.8,120,1.3,74%,3,19%,71%,6.8,50,1
S1447,PY 205,Freshman,15,15,2.9,18,8,7,66.3,110,1.3,78%,2,42%,92%,5.3,53,1
S1448,ECE 200,Freshman,14,26,0.8,18,15,12,67.6,151,2.9,81%,2,43%,83%,6.4,59,1
S1449,BIO 181,Sophomore,13,0,4.5,28,1,9,83.3,169,0.0,86%,2,33%,83%,5.2,63,0
S1450,PY 205,Junior,12,0,6.3,54,14,18,62.0,250,3.0,83%,3,9%,89%,5.4,51,0
S1451,BIO 181,Junior,12,0,2.9,28,8,4,65.3,70,0.9,74%,2,38%,97%,7.3,60,0
S1452,MA 241,Freshman,12,0,1.3,12,0,17,57.4,171,3.1,81%,2,48%,82%,5.5,45,1
S1453,ECE 200,Freshman,12,6,4.1,36,5,10,78.9,53,7.0,78%,3,26%,96%,6.8,70,0
S1454,ECE 200,Sophomore,18,31,3.4,28,16,21,90.7,183,0.7,85%,2,41%,87%,4.5,80,0
S1455,BIO 181,Sophomore,13,0,2.8,23,0,8,67.8,161,2.3,73%,3,20%,90%,6.4,58,0
S1456,CSC 216,Freshman,14,0,3.5,41,3,10,75.1,160,1.0,73%,4,25%,69%,6.6,49,1
S1457,ECE 200,Freshman,18,0,3.9,45,12,18,78.1,279,1.3,78%,2,28%,85%,6.5,54,1
S1458,CH 101,Junior,15,17,4.3,41,16,5,71.4,58,1.3,100%,0,48%,83%,7.2,68,0
S1459,BIO 181,Freshman,17,0,3.3,23,0,5,72.2,76,2.4,90%,2,28%,79%,5.9,58,0
S1460,BIO 181,Senior,14,13,6.2,63,16,26,88.9,310,6.9,99%,0,8%,99%,5.7,98,0
S1461,ST 311,Sophomore,18,0,4.7,56,14,18,77.8,278,8.2,85%,2,8%,100%,7.2,67,0
S1462,CH 101,Freshman,15,3,1.4,19,4,15,65.9,145,0.3,81%,3,26%,80%,6.6,51,1
S1463,CSC 216,Junior,16,0,0.5,3,1,0,,0,0.0,78%,2,41%,76%,,40,1
S1464,CSC 216,Freshman,14,16,4.2,36,5,13,66.7,166,0.0,81%,3,42%,78%,5.6,66,1
S1465,CSC 216,Sophomore,13,14,5.3,61,14,32,89.4,414,3.8,85%,2,17%,99%,7.3,73,0
S1466,ECE 200,Sophomore,13,0,3.9,39,9,4,92.8,0,3.5,85%,2,12%,88%,8.4,59,0
S1467,CH 101,Freshman,13,0,1.7,8,0,0,,13,0.0,73%,3,61%,69%,5.8,33,1
S1468,EC 201,Senior,15,0,0.5,15,0,1,72.4,15,0.0,71%,3,41%,64%,6.1,69,0
S1469,CSC 216,Freshman,15,0,3.5,29,13,11,66.2,148,2.9,93%,1,23%,90%,7.3,79,0
S1470,BIO 181,Junior,16,10,5.0,61,7,12,88.8,168,2.7,77%,3,22%,96%,6.8,80,0
S1471,BIO 181,Freshman,14,0,7.1,86,8,15,56.2,217,5.1,76%,4,32%,76%,6.0,52,0
S1472,MA 241,Sophomore,12,0,4.5,55,7,21,80.7,268,3.0,91%,2,14%,85%,7.4,61,0
S1473,MA 241,Senior,15,0,6.7,69,14,15,71.1,93,4.7,88%,2,15%,77%,7.2,72,1
S1474,BIO 181,Freshman,12,12,6.1,58,16,28,80.7,405,3.9,87%,2,18%,100%,7.8,84,0
S1475,BIO 181,Sophomore,18,11,0.8,3,6,4,75.2,0,0.4,64%,5,19%,87%,6.1,68,0
S1476,BIO 181,Sophomore,16,31,4.0,32,11,14,82.5,231,6.3,82%,3,23%,84%,4.8,74,0
S1477,ST 311,Freshman,15,12,3.3,22,3,12,75.5,177,0.8,79%,4,33%,69%,4.9,62,1
S1478,BIO 181,Sophomore,12,,4.8,41,12,13,69.5,119,0.0,91%,0,38%,85%,5.2,63,1
S1479,CSC 216,Senior,15,0,5.3,53,7,16,71.6,173,3.5,77%,3,15%,91%,6.9,72,0
S1480,EC 201,Junior,13,0,2.8,22,13,8,66.0,87,1.4,71%,4,34%,85%,5.6,44,1
S1481,ST 311,Sophomore,18,21,4.9,53,3,12,72.7,215,5.5,94%,2,37%,87%,6.2,70,0
S1482,MA 241,Freshman,15,0,5.2,43,7,8,84.3,167,5.8,88%,2,33%,86%,7.0,77,0
S1483,CSC 216,Freshman,16,0,9.2,90,11,25,92.3,450,6.1,92%,1,25%,91%,6.5,87,0
S1484,ECE 200,Senior,12,0,5.4,60,4,9,60.2,166,2.0,82%,2,39%,79%,5.5,61,1
S1485,MA 241,Junior,15,0,7.4,64,0,3,81.5,0,3.5,85%,3,27%,83%,6.9,70,0
S1486,CSC 216,Junior,13,0,2.4,22,12,19,74.0,208,1.4,84%,3,26%,80%,6.9,76,0
S1487,MA 241,Sophomore,15,4,6.6,54,11,15,86.7,322,8.4,94%,1,15%,96%,5.1,71,0
S1488,PY 205,Freshman,18,0,4.4,35,11,14,79.7,277,1.4,90%,1,17%,85%,7.7,53,0
S1489,EC 201,Sophomore,15,0,2.7,27,3,0,,13,2.7,76%,4,38%,81%,5.3,63,1
S1490,CH 101,Sophomore,16,0,2.9,29,11,27,72.5,468,5.5,91%,2,16%,92%,7.1,73,0
S1491,PY 205,Freshman,12,7,2.9,34,10,16,75.7,152,0.0,78%,3,22%,70%,5.7,61,1
S1492,CH 101,Sophomore,14,0,5.2,43,1,9,72.9,231,1.8,73%,3,35%,71%,5.8,60,1
S1493,CH 101,Junior,12,7,8.2,79,15,24,83.8,365,3.2,84%,3,22%,91%,,77,0
S1494,MA 241,Freshman,13,6,6.2,64,10,10,79.5,166,1.2,88%,2,44%,86%,5.1,76,0
S1495,CSC 216,Freshman,13,0,0.5,4,0,0,,0,0.0,65%,3,41%,64%,5.6,32,1
S1496,MA 241,Freshman,15,9,2.4,25,13,17,63.2,144,1.9,79%,2,44%,89%,5.8,51,1
S1497,CSC 216,Junior,15,0,3.0,16,12,12,78.5,188,4.0,85%,1,40%,78%,6.8,51,0
S1498,ECE 200,Sophomore,15,10,4.4,34,19,23,78.6,446,4.8,85%,1,18%,96%,6.5,81,0
S1499,CH 101,Junior,15,4,6.3,68,13,18,85.9,235,6.7,97%,0,27%,96%,6.7,80,0
S1500,ECE 200,Sophomore,14,6,8.2,63,8,21,81.2,255,6.0,100%,1,6%,98%,5.8,86,0
S1501,ST 311,Sophomore,17,4,8.7,67,4,13,80.1,163,3.6,83%,2,18%,100%,5.8,77,0
S1502,CH 101,Freshman,15,0,3.5,34,6,10,67.7,144,0.0,89%,1,26%,85%,6.0,59,0
S1503,ST 311,Sophomore,17,0,2.9,15,2,11,66.0,92,0.0,85%,2,33%,81%,7.0,57,0
S1504,CH 101,Senior,16,0,4.5,54,7,18,55.2,288,0.6,73%,5,15%,80%,6.9,52,1
S1505,MA 241,Junior,16,0,8.0,85,8,16,83.5,178,3.3,89%,1,41%,100%,6.0,69,0
S1506,CSC 216,Junior,15,0,8.6,75,5,20,74.3,354,1.1,85%,1,22%,86%,5.9,78,0
S1507,BIO 181,Junior,17,11,0.5,6,3,0,,0,0.0,68%,4,19%,78%,6.8,65,1
S1508,MA 241,Freshman,16,0,8.3,70,15,9,80.0,180,1.9,88%,0,27%,91%,4.6,78,0
S1509,EC 201,Junior,16,9,7.0,49,10,22,77.2,265,7.0,94%,0,37%,90%,,72,0
S1510,ST 311,Junior,12,0,3.3,33,7,6,68.5,94,3.0,78%,2,21%,100%,6.6,62,0
S1511,ST 311,Junior,14,5,9.6,78,13,29,100.0,423,10.2,99%,1,7%,100%,7.3,96,0
S1512,BIO 181,Senior,16,21,1.0,14,10,17,66.5,234,4.1,75%,4,30%,89%,5.6,76,0
S1513,PY 205,Freshman,12,7,3.0,40,10,17,75.2,215,1.1,75%,3,19%,86%,5.8,66,0
S1514,MA 241,Freshman,15,15,4.6,46,10,17,76.5,308,5.5,81%,2,33%,92%,4.3,56,1
S1515,ST 311,Senior,15,0,4.0,49,8,15,72.7,158,0.0,85%,1,17%,82%,6.4,70,0
S1516,BIO 181,Sophomore,14,,1.6,14,10,14,62.5,267,2.1,81%,2,28%,76%,5.9,43,1
S1517,MA 241,Senior,14,0,5.6,59,12,14,71.9,57,3.9,83%,2,19%,92%,7.6,81,0
S1518,PY 205,Sophomore,16,12,5.1,55,1,11,87.5,167,7.0,91%,2,42%,98%,5.3,74,0
S1519,ST 311,Sophomore,12,4,4.5,39,12,16,83.8,138,5.1,83%,3,29%,80%,6.0,63,0
S1520,PY 205,Junior,12,10,5.6,57,11,20,74.5,276,1.8,81%,2,25%,88%,6.4,59,0
S1521,BIO 181,Sophomore,18,3,4.6,44,1,10,76.1,55,0.1,90%,1,16%,84%,6.3,76,0
S1522,ECE 200,Freshman,16,7,8.5,67,15,27,90.2,313,2.8,85%,1,15%,92%,7.4,99,0
S1523,CSC 216,Sophomore,15,13,5.3,43,5,5,84.0,10,2.4,92%,0,23%,93%,,69,0
S1524,ECE 200,Freshman,16,3,5.0,41,5,13,91.6,145,2.8,79%,3,11%,79%,6.6,75,0
S1525,BIO 181,Senior,14,0,3.3,23,12,27,81.9,254,4.3,95%,1,29%,83%,5.0,79,0
S1526,ECE 200,Senior,16,1,2.8,20,8,4,65.7,68,2.6,69%,4,26%,88%,5.2,44,0
S1527,CSC 216,Freshman,15,12,1.4,23,13,17,69.8,214,2.0,79%,3,41%,87%,6.0,65,0
S1528,CH 101,Sophomore,14,1,9.0,79,13,21,92.8,269,5.8,96%,0,18%,93%,6.6,100,0
S1529,CH 101,Junior,14,22,5.1,52,9,19,79.1,280,0.1,76%,3,18%,81%,5.3,69,0
S1530,CSC 216,Freshman,15,0,8.6,94,11,22,82.9,242,7.0,100%,0,5%,98%,6.1,83,0
S1531,BIO 181,Freshman,12,,7.6,70,7,13,74.0,187,4.6,93%,0,20%,95%,6.1,67,0
S1532,MA 241,Freshman,16,0,2.9,23,0,9,59.0,139,0.0,82%,1,33%,87%,,31,1
S1533,ST 311,Senior,18,16,3.6,36,14,6,62.0,145,5.8,80%,2,27%,89%,5.1,58,0
S1534,ST 311,Sophomore,18,0,0.6,3,6,2,45.7,79,1.2,64%,4,28%,76%,6.0,55,1
S1535,EC 201,Freshman,15,0,1.7,9,11,20,73.4,262,5.1,95%,0,36%,84%,4.8,87,0
S1536,EC 201,Freshman,13,0,3.9,38,6,5,64.8,92,2.5,82%,4,24%,82%,6.9,65,0
S1537,BIO 181,Freshman,12,,5.3,32,11,8,76.9,128,5.7,85%,0,21%,78%,5.3,61,0
S1538,ST 311,Sophomore,15,22,3.6,44,5,4,74.1,65,1.2,86%,0,50%,96%,5.2,63,0
S1539,ECE 200,Freshman,13,11,4.2,44,14,14,70.7,78,4.6,85%,1,48%,89%,5.2,68,0
S1540,ECE 200,Junior,14,21,3.9,47,11,12,69.5,108,0.5,70%,5,45%,71%,6.6,62,1
S1541,ST 311,Senior,16,35,0.5,3,10,0,,11,1.0,71%,2,52%,87%,3.9,51,1
S1542,ST 311,Junior,12,0,0.5,4,1,7,76.1,57,0.4,86%,1,44%,77%,5.4,64,1
S1543,MA 241,Freshman,15,4,3.8,43,13,22,84.3,271,4.3,82%,1,25%,86%,6.6,77,0
S1544,PY 205,Freshman,16,0,9.5,104,11,26,86.8,320,4.9,97%,1,4%,94%,7.5,72,0
S1545,CH 101,Freshman,12,7,5.3,57,7,8,83.0,65,4.6,78%,2,35%,83%,5.8,75,0
S1546,ECE 200,Sophomore,15,0,3.8,40,11,21,92.0,299,6.6,100%,0,26%,96%,6.9,73,0
S1547,MA 241,Freshman,16,0,8.2,91,10,14,87.8,281,6.9,100%,1,17%,91%,6.9,76,0
S1548,ECE 200,Freshman,15,6,1.1,17,0,3,66.6,76,3.2,80%,2,32%,74%,6.1,50,0
S1549,EC 201,Junior,14,0,2.9,11,5,4,63.6,120,0.0,75%,1,23%,95%,5.9,57,0
S1550,BIO 181,Sophomore,13,0,3.8,38,10,22,71.9,237,2.9,87%,2,35%,86%,7.1,56,0
S1551,EC 201,Junior,18,17,1.8,18,3,7,62.2,211,0.0,59%,6,23%,78%,5.5,46,1
S1552,BIO 181,Sophomore,15,12,4.5,47,8,16,73.2,261,1.9,83%,2,21%,79%,6.4,59,0
S1553,PY 205,Freshman,13,0,1.2,16,0,10,61.6,73,0.0,83%,3,12%,78%,5.9,49,1
S1554,EC 201,Junior,12,0,2.7,23,8,6,70.1,63,2.1,86%,2,34%,87%,7.4,53,0
S1555,ECE 200,Sophomore,13,0,5.2,50,13,8,70.3,168,2.1,84%,2,46%,74%,7.0,68,0
S1556,PY 205,Freshman,17,23,4.6,35,5,15,84.9,177,3.2,81%,4,33%,90%,5.8,78,0
S1557,ECE 200,Senior,13,0,1.7,22,4,14,70.3,138,2.9,72%,3,36%,80%,5.7,64,0
S1558,EC 201,Senior,16,22,0.5,5,2,8,74.1,38,1.4,72%,3,29%,66%,6.8,62,1
S1559,ST 311,Junior,18,11,3.2,29,6,14,83.1,187,2.3,100%,0,49%,90%,4.9,90,0
S1560,CSC 216,Senior,14,0,9.6,101,20,41,83.9,639,4.3,99%,0,7%,97%,7.3,94,0
S1561,MA 241,Sophomore,15,4,3.3,36,16,21,80.5,282,3.8,81%,4,34%,84%,6.5,63,0
S1562,ECE 200,Freshman,13,0,3.6,40,8,4,56.9,33,0.7,63%,5,60%,88%,5.9,41,1
S1563,PY 205,Senior,13,6,2.9,26,3,10,70.5,208,1.9,82%,3,14%,96%,6.8,50,0
S1564,CSC 216,Junior,14,2,7.4,66,16,34,74.7,470,9.0,100%,0,0%,100%,7.9,81,0
S1565,CH 101,Freshman,16,0,2.0,20,7,9,85.4,141,0.7,88%,2,46%,87%,4.4,77,0
S1566,EC 201,Senior,15,0,6.6,64,17,27,86.0,349,6.0,100%,0,16%,90%,5.3,93,0
S1567,ECE 200,Senior,17,20,4.8,46,17,26,83.5,252,5.4,86%,1,28%,85%,5.5,64,0
S1568,EC 201,Sophomore,16,1,7.7,74,10,21,86.3,318,2.8,92%,0,11%,90%,6.0,93,0
S1569,ECE 200,Sophomore,15,4,5.4,55,4,23,87.1,278,6.1,100%,1,26%,100%,6.3,70,0
S1570,CSC 216,Sophomore,15,3,4.8,54,11,25,77.4,427,5.6,96%,0,13%,87%,6.0,66,0
S1571,CSC 216,Sophomore,15,0,3.9,28,7,7,63.0,26,6.7,77%,1,38%,79%,5.6,57,1
S1572,BIO 181,Freshman,15,0,4.0,30,11,16,70.0,145,2.3,90%,0,29%,93%,,68,0
S1573,EC 201,Freshman,15,11,3.5,10,10,11,55.3,214,3.4,79%,5,23%,76%,5.8,81,0
S1574,CH 101,Senior,14,,4.3,41,10,18,60.9,288,1.2,81%,3,23%,91%,,75,0
S1575,MA 241,Junior,13,4,2.2,11,1,2,61.3,0,0.3,78%,2,34%,70%,6.9,65,1
S1576,BIO 181,Senior,18,0,5.7,38,3,7,77.7,56,3.3,75%,4,37%,88%,5.6,67,0
S1577,MA 241,Junior,12,17,7.2,66,11,13,64.7,136,3.7,83%,2,29%,78%,5.6,68,0
S1578,BIO 181,Sophomore,12,33,1.1,3,5,16,70.1,264,0.0,84%,1,43%,86%,5.7,65,0
S1579,CSC 216,Junior,12,2,2.5,31,7,12,73.2,192,0.0,79%,1,35%,84%,7.3,50,0
S1580,PY 205,Freshman,14,17,4.7,54,9,17,87.6,307,8.8,93%,1,34%,85%,6.0,77,0
S1581,PY 205,Senior,15,29,3.9,42,4,17,80.1,231,4.7,69%,3,35%,77%,5.0,68,0
S1582,CH 101,Sophomore,14,0,4.2,36,0,14,76.3,178,2.7,85%,4,26%,94%,6.8,39,1
S1583,EC 201,Sophomore,16,7,0.9,3,7,8,65.6,61,1.7,76%,3,21%,63%,5.9,58,1
S1584,ECE 200,Junior,14,0,4.4,34,12,4,63.6,18,0.2,82%,2,28%,78%,7.1,59,1
S1585,ECE 200,Freshman,12,0,2.9,19,2,0,,16,4.2,86%,2,18%,83%,7.7,43,0
S1586,BIO 181,Sophomore,15,17,3.1,26,14,15,95.9,147,0.5,86%,1,36%,90%,6.0,74,0
S1587,PY 205,Sophomore,15,5,0.5,3,0,3,55.0,0,0.0,73%,3,37%,80%,6.6,40,1
S1588,ECE 200,Freshman,15,0,4.6,57,15,15,85.8,225,5.9,86%,2,3%,90%,,83,0
S1589,BIO 181,Sophomore,14,16,0.5,11,4,14,72.8,182,1.0,82%,3,26%,78%,5.4,44,0
S1590,CSC 216,Sophomore,15,13,1.1,25,6,4,48.2,33,4.5,86%,2,18%,70%,,56,0
S1591,EC 201,Sophomore,14,13,4.7,46,10,27,79.0,344,2.3,82%,2,22%,87%,5.8,78,0
S1592,BIO 181,Sophomore,13,5,4.0,30,22,31,74.6,378,4.0,76%,1,21%,99%,6.4,83,0
S1593,CH 101,Freshman,14,0,1.0,4,5,13,74.2,158,0.0,86%,2,30%,82%,5.5,66,0
S1594,ECE 200,Freshman,15,5,2.4,22,0,5,60.3,45,4.7,89%,2,16%,89%,5.4,46,0
S1595,BIO 181,Junior,18,0,3.0,31,6,15,71.8,271,1.9,70%,2,29%,75%,7.7,41,1
S1596,CH 101,Sophomore,15,0,4.2,49,17,20,76.6,318,6.9,100%,0,29%,94%,6.2,52,0
S1597,EC 201,Freshman,15,6,6.3,54,7,17,78.6,191,1.4,86%,1,7%,100%,7.9,79,0
S1598,ECE 200,Freshman,14,0,3.7,32,11,13,84.0,131,2.4,92%,1,30%,77%,7.3,47,1
S1599,CSC 216,Sophomore,15,0,7.7,74,3,11,99.5,168,4.5,100%,0,19%,100%,6.0,89,0
S1600,ST 311,Sophomore,17,0,3.6,44,17,25,74.2,344,3.5,100%,0,12%,98%,8.0,83,0
S1601,CH 101,Sophomore,13,0,2.9,24,3,17,63.2,313,4.6,85%,1,30%,86%,5.3,60,0
S1602,ECE 200,Sophomore,15,2,6.6,66,14,24,80.1,272,3.0,100%,0,32%,97%,6.0,86,0
S1603,ECE 200,Sophomore,18,0,4.4,32,6,3,73.5,63,1.1,70%,4,13%,76%,7.0,52,1
S1604,ECE 200,Sophomore,16,2,2.9,30,12,10,66.2,64,4.0,90%,2,19%,92%,5.9,83,0
S1605,CH 101,Sophomore,15,5,2.0,23,14,14,80.5,234,5.7,91%,2,33%,99%,5.1,70,0
S1606,CSC 216,Junior,15,0,4.9,51,11,22,72.3,321,0.0,86%,4,37%,86%,6.0,51,1
S1607,ST 311,Freshman,12,16,9.3,98,10,30,77.5,468,5.3,98%,1,3%,95%,6.2,78,0
S1608,CH 101,Junior,15,7,4.9,45,7,14,79.0,194,2.5,83%,2,30%,89%,6.9,53,0
S1609,ST 311,Junior,14,0,4.1,44,7,12,63.4,204,3.2,97%,0,20%,77%,6.0,60,0
S1610,PY 205,Sophomore,13,0,1.1,3,5,0,,11,1.5,69%,5,38%,87%,7.7,69,0
S1611,EC 201,Freshman,15,0,5.7,44,5,10,74.5,141,2.2,86%,1,28%,91%,5.3,54,0
S1612,ST 311,Junior,15,0,6.8,63,4,5,61.4,149,3.6,64%,5,32%,73%,6.7,59,0
S1613,EC 201,Junior,16,10,10.2,94,18,36,93.6,576,9.0,100%,1,20%,87%,6.8,89,0
S1614,EC 201,Junior,15,13,3.9,50,13,5,70.1,150,0.4,77%,1,36%,88%,6.4,71,0
S1615,MA 241,Freshman,13,1,5.4,56,7,13,77.5,220,3.4,87%,1,39%,84%,5.7,60,1
S1616,EC 201,Sophomore,15,21,5.3,61,12,29,84.5,393,7.5,86%,2,26%,99%,5.5,82,0
S1617,ECE 200,Sophomore,15,15,5.0,50,10,18,96.7,205,0.8,87%,2,24%,77%,5.9,81,0
S1618,PY 205,Freshman,15,6,1.4,20,4,3,73.9,28,0.0,73%,3,40%,76%,6.8,47,1
S1619,ECE 200,Junior,15,0,2.9,25,13,10,79.8,79,1.9,100%,0,41%,91%,5.2,75,0
S1620,CSC 216,Sophomore,15,14,1.3,18,11,23,84.7,283,4.2,93%,0,23%,88%,5.9,66,0
S1621,PY 205,Junior,16,20,3.7,31,10,13,74.5,189,0.0,72%,4,43%,89%,6.5,64,1
S1622,ST 311,Sophomore,18,0,5.1,44,10,13,74.6,178,2.2,74%,3,27%,85%,6.3,69,0
S1623,PY 205,Sophomore,15,0,3.6,15,1,15,77.0,215,4.3,96%,0,30%,91%,6.7,76,0
S1624,BIO 181,Freshman,15,12,1.5,17,4,4,67.7,71,0.1,73%,3,25%,63%,5.7,62,1
S1625,ST 311,Sophomore,14,0,3.7,42,9,4,65.2,141,1.0,78%,2,25%,76%,6.5,61,1
S1626,CH 101,Sophomore,14,0,2.9,33,5,14,69.2,185,4.9,91%,2,33%,89%,7.4,59,0
S1627,ECE 200,Freshman,12,12,0.9,11,10,16,75.2,130,0.0,63%,5,35%,80%,5.7,61,0
S1628,BIO 181,Senior,15,15,5.7,50,5,12,72.6,187,3.3,81%,2,49%,84%,5.3,75,0
S1629,PY 205,Senior,14,0,4.8,26,10,28,76.0,424,6.3,97%,0,17%,99%,7.7,61,0
S1630,BIO 181,Senior,13,0,5.1,38,8,9,67.5,164,2.0,81%,4,11%,99%,,61,0
S1631,ECE 200,Sophomore,18,0,3.8,35,0,19,75.2,411,4.7,73%,4,33%,89%,6.5,62,0
S1632,MA 241,Sophomore,14,32,4.5,48,9,19,79.8,184,1.4,82%,2,18%,93%,5.4,77,0
S1633,ECE 200,Junior,14,9,3.8,45,3,23,71.9,275,4.8,83%,2,34%,95%,4.6,69,0
S1634,ST 311,Senior,14,0,5.0,56,8,16,85.0,240,2.2,87%,1,25%,90%,6.0,75,0
S1635,EC 201,Junior,15,4,2.7,20,7,8,49.3,146,2.3,87%,2,23%,73%,5.8,53,1
S1636,BIO 181,Freshman,15,0,2.3,20,0,4,57.2,97,4.9,87%,1,28%,83%,5.9,56,0
S1637,ECE 200,Junior,15,0,5.9,45,8,16,84.2,315,6.4,90%,1,9%,98%,5.4,80,0
S1638,ECE 200,Sophomore,14,7,6.3,44,11,11,76.5,114,3.6,92%,1,39%,92%,5.5,62,0
S1639,CSC 216,Freshman,18,,6.3,52,12,11,73.7,209,3.0,85%,2,16%,81%,6.6,65,0
S1640,BIO 181,Freshman,14,1,6.5,55,12,21,81.5,302,3.0,95%,1,29%,92%,6.8,75,0
S1641,MA 241,Senior,12,12,0.5,3,8,10,66.9,233,1.1,89%,2,25%,94%,6.1,55,0
S1642,BIO 181,Sophomore,15,18,3.2,36,5,14,69.2,164,4.3,89%,0,36%,88%,4.8,55,0
S1643,CH 101,Junior,18,0,4.1,50,11,13,74.2,180,0.0,88%,2,12%,89%,6.6,85,0
S1644,EC 201,Sophomore,13,15,1.0,3,8,11,62.6,135,2.0,76%,2,32%,83%,5.4,73,0
S1645,CSC 216,Freshman,13,22,0.5,18,9,7,57.2,64,2.2,68%,5,38%,86%,5.1,57,1
S1646,ECE 200,Junior,12,8,6.2,45,3,8,74.1,193,1.9,75%,3,34%,96%,6.4,78,0
S1647,PY 205,Freshman,17,0,4.5,46,9,18,80.3,284,3.1,78%,3,36%,83%,6.5,65,0
S1648,CH 101,Freshman,15,2,1.0,14,6,3,71.3,116,0.0,76%,2,35%,70%,5.8,67,1
S1649,ST 311,Junior,16,0,1.9,7,9,6,70.2,170,1.5,87%,1,14%,80%,6.0,59,0
S1650,ECE 200,Junior,18,0,4.0,45,0,16,76.1,219,3.0,80%,3,13%,86%,5.3,70,0
S1651,MA 241,Freshman,16,10,0.5,3,0,0,,51,0.1,56%,5,34%,66%,6.1,36,1
S1652,MA 241,Freshman,15,0,3.3,33,12,10,65.1,209,6.7,91%,0,28%,92%,6.2,52,0
S1653,CSC 216,Junior,14,8,2.0,28,13,14,69.5,249,1.0,78%,2,31%,85%,5.7,66,1
S1654,CSC 216,Junior,12,7,3.7,40,14,22,67.4,399,4.6,100%,0,17%,87%,6.9,74,0
S1655,CSC 216,Freshman,14,0,3.8,32,0,5,77.5,109,4.0,91%,1,30%,78%,6.9,59,0
S1656,ST 311,Junior,12,17,0.5,4,1,5,65.0,0,0.0,73%,4,36%,78%,6.2,59,1
S1657,MA 241,Sophomore,17,10,3.4,46,12,21,68.8,375,6.3,86%,1,26%,89%,6.4,44,1
S1658,ECE 200,Junior,16,9,5.0,33,1,9,71.2,0,0.0,73%,5,36%,67%,4.8,50,1
S1659,EC 201,Senior,16,6,5.8,62,4,22,78.5,361,6.0,90%,2,31%,99%,6.1,73,0
S1660,EC 201,Freshman,15,0,6.1,65,2,14,72.0,280,1.6,78%,1,30%,78%,7.7,52,1
S1661,ST 311,Sophomore,15,0,4.2,54,4,8,77.7,43,0.7,75%,2,33%,81%,6.6,72,1
S1662,EC 201,Junior,15,0,6.6,73,11,12,84.2,93,3.3,80%,1,9%,89%,6.9,80,0
S1663,EC 201,Senior,12,27,6.0,44,11,20,74.9,311,7.0,94%,0,20%,99%,4.9,81,0
S1664,CH 101,Junior,18,0,3.3,36,4,5,76.7,124,1.9,79%,2,23%,79%,7.5,59,0
S1665,CSC 216,Junior,13,0,4.4,44,10,10,80.9,158,0.1,84%,3,11%,84%,6.8,89,0
S1666,CSC 216,Senior,12,31,1.9,25,0,6,75.0,14,0.0,78%,3,50%,91%,5.1,51,1
S1667,CH 101,Freshman,15,0,6.4,75,16,22,75.1,413,2.9,92%,2,47%,88%,5.4,71,0
S1668,CH 101,Junior,12,5,3.8,39,6,10,77.0,183,2.3,78%,2,27%,76%,6.2,73,1
S1669,CH 101,Junior,14,24,2.4,21,10,14,61.0,118,0.6,80%,1,39%,92%,5.0,58,1
S1670,CH 101,Sophomore,17,24,7.6,70,10,16,87.2,283,5.9,80%,3,36%,94%,4.9,86,0
S1671,ECE 200,Sophomore,15,12,0.5,13,14,13,58.7,33,0.0,71%,5,48%,82%,5.0,57,1
S1672,ST 311,Sophomore,13,0,6.4,52,11,12,62.7,208,2.3,83%,1,42%,89%,5.7,58,0
S1673,BIO 181,Freshman,15,0,4.1,44,13,25,80.9,244,1.6,80%,2,31%,84%,7.0,57,1
S1674,ECE 200,Sophomore,13,19,2.5,26,3,4,61.2,95,2.2,79%,3,34%,76%,5.2,55,1
S1675,PY 205,Freshman,14,9,0.5,3,0,0,,28,0.0,65%,4,44%,85%,7.0,45,1
S1676,ECE 200,Junior,18,,5.3,54,8,13,80.0,263,3.7,88%,2,21%,95%,6.4,77,0
S1677,ECE 200,Senior,13,7,4.1,30,3,12,81.3,190,3.0,80%,1,24%,83%,6.5,65,0
S1678,ST 311,Freshman,17,18,5.8,70,15,21,73.4,275,6.2,85%,2,45%,96%,6.3,77,0
S1679,MA 241,Senior,18,13,6.7,55,21,28,87.8,323,5.7,89%,2,22%,100%,6.4,92,0
S1680,ST 311,Freshman,18,0,2.4,30,5,17,99.0,185,3.5,100%,0,30%,89%,7.1,92,0
S1681,BIO 181,Freshman,12,0,4.1,36,6,17,71.1,304,3.5,100%,0,19%,94%,6.1,80,0
S1682,MA 241,Freshman,12,0,3.4,24,13,10,80.2,156,4.6,87%,2,37%,94%,6.7,68,0
S1683,CH 101,Sophomore,12,5,2.3,25,11,15,86.1,251,4.7,89%,1,31%,90%,6.5,87,0
S1684,EC 201,Senior,15,0,4.9,35,9,5,82.1,94,5.8,83%,1,13%,87%,6.3,71,0
S1685,CSC 216,Sophomore,15,0,5.8,53,10,25,88.0,290,3.5,80%,0,39%,94%,8.1,64,0
S1686,CH 101,Freshman,17,0,3.7,46,8,15,82.6,227,5.9,91%,1,7%,95%,6.6,72,0
S1687,ST 311,Freshman,12,0,1.1,8,3,9,66.4,104,0.9,100%,0,13%,78%,7.5,69,0
S1688,BIO 181,Junior,15,3,9.2,104,15,24,78.7,226,3.6,99%,0,15%,99%,7.1,82,0
S1689,MA 241,Sophomore,16,0,6.2,67,10,14,88.9,251,3.7,75%,3,21%,90%,6.8,69,0
S1690,CH 101,Junior,15,0,6.9,53,5,5,85.4,43,4.4,88%,1,25%,82%,,71,0
S1691,ECE 200,Freshman,14,0,0.5,22,5,0,,0,1.8,69%,3,36%,77%,5.8,45,1
S1692,MA 241,Sophomore,13,35,0.5,18,7,12,67.8,211,3.2,88%,3,43%,85%,4.9,50,1
S1693,PY 205,Freshman,15,0,0.5,3,10,11,67.8,146,1.8,80%,3,37%,75%,5.3,63,1
S1694,MA 241,Freshman,13,5,5.7,51,12,24,81.4,333,2.3,82%,2,40%,81%,5.4,69,1
S1695,CH 101,Sophomore,13,15,3.2,45,14,28,78.8,499,7.8,80%,2,45%,94%,5.0,68,0
S1696,CSC 216,Sophomore,17,7,8.3,77,13,34,92.0,500,3.1,83%,2,4%,83%,5.9,71,0
S1697,CH 101,Sophomore,12,0,4.1,39,10,4,66.9,120,2.7,86%,3,14%,83%,,64,1
S1698,ST 311,Freshman,17,7,4.5,35,8,24,78.3,178,4.2,71%,3,45%,86%,5.2,67,1
S1699,ST 311,Sophomore,12,0,6.2,59,4,16,71.5,232,2.9,82%,2,16%,89%,7.2,69,0
S1700,BIO 181,Sophomore,13,0,2.3,26,0,3,57.0,77,0.7,70%,3,53%,69%,6.5,63,1
S1701,EC 201,Sophomore,12,0,3.9,52,9,10,66.6,125,0.0,92%,0,29%,67%,,69,0
S1702,PY 205,Junior,14,0,4.1,33,9,11,80.1,241,1.6,83%,1,28%,75%,7.9,42,0
S1703,BIO 181,Junior,15,0,2.5,25,14,22,66.4,251,5.1,87%,1,20%,80%,6.9,69,0
S1704,PY 205,Sophomore,15,0,1.9,32,1,11,77.2,193,0.0,82%,2,31%,91%,7.3,56,0
S1705,ECE 200,Freshman,17,20,5.3,54,11,14,83.6,186,0.7,91%,1,32%,100%,6.2,65,0
S1706,PY 205,Freshman,15,14,3.5,23,9,9,73.9,47,3.2,83%,1,26%,97%,5.8,60,0
S1707,MA 241,Junior,14,1,5.3,57,16,16,81.1,227,0.6,98%,0,27%,87%,5.9,74,0
S1708,BIO 181,Freshman,15,3,7.1,70,22,27,94.4,361,5.2,100%,0,3%,89%,6.2,86,0
S1709,ST 311,Junior,13,0,8.3,64,7,15,94.1,262,7.4,95%,1,5%,95%,6.3,95,0
S1710,ST 311,Freshman,16,35,4.4,53,12,15,93.8,207,0.9,75%,3,30%,86%,6.3,82,0
S1711,PY 205,Freshman,15,0,5.9,45,10,26,64.8,433,6.6,93%,2,22%,94%,6.3,83,0
S1712,BIO 181,Senior,15,4,6.6,72,3,13,63.9,131,2.5,86%,2,50%,100%,6.1,67,0
S1713,ECE 200,Junior,12,0,2.6,27,6,7,75.1,85,1.6,79%,3,44%,77%,5.2,46,1
S1714,MA 241,Freshman,17,0,1.8,23,11,6,72.4,0,0.0,71%,3,27%,89%,6.0,58,1
S1715,CSC 216,Senior,17,0,6.7,53,3,5,76.5,119,4.4,87%,3,20%,83%,7.2,66,0
S1716,CH 101,Senior,16,0,5.7,48,12,22,85.9,197,2.5,94%,1,13%,100%,7.9,75,0
S1717,MA 241,Sophomore,12,2,1.9,19,8,0,,86,0.9,80%,3,20%,81%,7.6,50,1
S1718,MA 241,Sophomore,14,24,4.4,36,5,17,71.3,242,6.4,83%,2,19%,90%,5.6,69,0
S1719,BIO 181,Freshman,14,0,4.8,36,6,6,71.6,40,0.0,85%,2,32%,84%,6.7,53,0
S1720,ECE 200,Sophomore,15,2,1.5,10,0,0,,40,0.0,68%,5,40%,87%,,35,1
S1721,PY 205,Junior,12,0,2.9,20,11,11,83.7,172,1.4,78%,3,34%,91%,6.9,64,1
S1722,ECE 200,Freshman,13,0,5.0,48,5,4,63.1,0,0.0,86%,2,20%,93%,6.4,54,0
S1723,ST 311,Junior,15,15,2.2,14,11,16,79.4,273,1.4,77%,4,26%,76%,6.1,66,1
S1724,PY 205,Senior,17,26,7.9,48,16,30,99.2,544,7.1,86%,2,14%,100%,4.4,95,0
S1725,CSC 216,Junior,17,13,4.6,57,6,13,69.5,77,2.5,75%,2,34%,72%,5.8,70,0
S1726,BIO 181,Freshman,16,24,4.9,46,7,14,84.6,212,2.0,72%,3,42%,78%,5.1,68,1
S1727,CSC 216,Freshman,12,0,4.2,45,2,11,73.3,239,2.5,92%,1,9%,75%,6.5,66,0
S1728,EC 201,Freshman,15,23,1.1,3,11,20,83.0,264,5.3,79%,2,44%,77%,6.0,68,0
S1729,PY 205,Sophomore,18,28,1.4,4,0,0,,0,0.0,70%,2,46%,83%,6.2,51,1
S1730,ST 311,Freshman,13,0,6.9,65,12,16,78.2,232,5.3,75%,4,20%,85%,6.1,79,0
S1731,PY 205,Freshman,12,0,9.1,104,7,17,77.3,292,2.5,91%,2,30%,83%,6.2,65,0
S1732,CH 101,Freshman,14,0,5.7,57,3,12,71.1,118,1.1,84%,1,28%,87%,6.4,77,0
S1733,EC 201,Junior,15,0,0.5,3,1,0,,0,1.0,77%,3,58%,60%,5.7,48,1
S1734,EC 201,Junior,18,5,1.3,14,4,7,75.6,0,2.0,81%,2,39%,91%,6.1,63,0
S1735,ECE 200,Sophomore,18,9,7.7,60,6,17,76.8,156,4.4,80%,2,22%,84%,5.3,60,0
S1736,EC 201,Freshman,12,0,4.9,37,10,23,72.8,380,2.1,80%,4,25%,92%,6.3,78,0
S1737,MA 241,Junior,15,0,5.1,55,14,14,69.8,154,4.5,86%,3,29%,93%,7.0,63,0
S1738,CSC 216,Senior,14,15,5.8,55,10,24,88.8,320,7.4,97%,0,21%,92%,5.2,81,0
S1739,ECE 200,Senior,16,0,3.4,34,0,4,70.1,84,0.9,70%,3,21%,71%,7.3,59,1
S1740,EC 201,Senior,17,29,5.9,65,17,19,72.2,143,6.9,87%,2,30%,86%,5.4,80,0
S1741,CSC 216,Senior,16,5,8.9,85,3,13,74.8,167,3.1,77%,4,30%,85%,5.9,76,0
S1742,EC 201,Junior,15,0,8.0,62,7,13,59.7,158,1.2,100%,0,12%,95%,6.4,61,0
S1743,ECE 200,Freshman,12,5,0.5,18,3,0,,3,0.0,59%,5,58%,69%,,43,1
S1744,ECE 200,Senior,18,0,5.6,58,11,27,97.4,372,5.2,83%,3,5%,85%,6.8,71,0
S1745,ST 311,Freshman,18,0,3.1,38,10,17,85.2,203,4.3,88%,2,21%,74%,5.9,64,0
S1746,BIO 181,Sophomore,15,0,9.1,81,14,20,93.5,248,6.1,89%,2,14%,91%,6.4,89,0
S1747,ECE 200,Senior,17,0,2.1,24,6,18,75.9,252,3.0,77%,1,20%,94%,7.1,70,0
S1748,BIO 181,Senior,14,0,0.5,18,7,9,54.8,82,3.4,78%,3,36%,94%,6.8,66,0
S1749,EC 201,Freshman,14,1,2.8,21,5,10,77.8,231,3.2,88%,1,33%,87%,5.2,42,0
S1750,CH 101,Senior,18,0,5.5,59,2,14,80.9,271,1.9,85%,0,23%,92%,6.3,59,0
S1751,EC 201,Freshman,14,12,3.7,47,10,10,72.3,174,1.9,80%,1,13%,89%,,80,0
S1752,ST 311,Freshman,15,0,4.3,56,4,1,45.1,1,2.9,67%,4,21%,75%,6.3,53,1
S1753,CH 101,Freshman,14,0,1.9,8,7,7,56.5,86,0.0,83%,2,37%,82%,5.5,60,1
S1754,EC 201,Junior,13,16,8.4,70,12,15,79.7,265,4.6,90%,1,40%,95%,7.3,77,0
S1755,CSC 216,Freshman,15,0,4.7,37,2,7,72.2,106,1.7,78%,4,3%,81%,5.8,70,0
S1756,ST 311,Sophomore,16,16,2.8,26,2,2,67.6,0,1.1,89%,1,29%,92%,5.1,76,0
S1757,CSC 216,Sophomore,16,0,2.1,19,8,8,65.5,134,5.1,72%,2,29%,74%,7.9,41,0
S1758,ECE 200,Freshman,12,3,9.6,91,9,21,81.4,320,5.6,100%,0,19%,100%,6.2,66,0
S1759,ST 311,Junior,14,2,5.7,57,7,17,87.3,262,3.3,86%,3,19%,86%,6.3,76,0
S1760,MA 241,Junior,17,12,0.5,3,4,9,69.8,68,0.0,82%,2,43%,83%,,61,1
S1761,CSC 216,Sophomore,17,11,4.7,49,9,14,67.9,131,1.1,75%,3,21%,96%,5.9,67,0
S1762,ECE 200,Freshman,14,4,1.7,7,7,11,64.8,117,2.3,70%,4,30%,77%,6.2,63,1
S1763,ST 311,Senior,17,0,11.4,105,11,25,86.1,291,5.0,100%,0,9%,99%,6.4,83,0
S1764,EC 201,Junior,16,4,4.2,27,8,18,82.9,174,3.2,87%,2,16%,82%,6.9,73,0
S1765,EC 201,Senior,14,13,1.1,24,14,12,67.9,218,2.2,85%,1,36%,85%,5.8,65,1
S1766,ST 311,Freshman,15,24,0.5,3,1,12,95.1,148,0.0,71%,2,44%,85%,5.8,72,1
S1767,ST 311,Senior,13,0,2.4,18,5,15,72.9,194,4.6,87%,1,17%,99%,7.3,66,0
S1768,EC 201,Senior,12,0,5.2,36,7,13,63.1,177,3.6,86%,3,28%,74%,7.0,59,0
S1769,ST 311,Senior,13,0,10.2,100,15,24,82.5,211,6.7,86%,2,16%,86%,6.1,83,0
S1770,CH 101,Sophomore,15,0,3.2,36,3,5,67.2,104,0.0,75%,4,27%,70%,6.0,51,1
S1771,BIO 181,Junior,16,15,0.9,7,3,7,73.3,83,0.1,67%,2,38%,61%,5.7,69,1
S1772,BIO 181,Sophomore,18,0,5.4,41,17,16,86.0,160,6.1,94%,1,34%,91%,6.0,88,0
S1773,BIO 181,Junior,17,14,4.1,26,8,6,71.6,61,3.2,75%,4,29%,89%,6.8,55,0
S1774,CH 101,Freshman,12,0,5.1,41,16,15,74.7,261,5.1,91%,2,11%,91%,6.7,69,0
S1775,ST 311,Junior,17,0,5.2,49,3,19,74.1,254,5.5,92%,0,31%,93%,6.9,92,0
S1776,MA 241,Freshman,12,0,1.6,25,0,1,68.3,98,0.0,62%,3,46%,70%,5.8,40,1
S1777,CH 101,Freshman,12,16,4.1,42,8,12,80.5,248,0.7,71%,3,42%,85%,5.7,67,1
S1778,EC 201,Sophomore,14,3,5.6,62,16,26,62.2,458,1.9,81%,1,26%,86%,6.5,69,0
S1779,CH 101,Freshman,14,0,6.3,59,11,17,69.1,268,3.1,85%,2,28%,87%,5.3,65,0
S1780,PY 205,Freshman,17,10,8.0,74,16,7,77.2,140,0.4,79%,2,33%,90%,6.8,79,0
S1781,ECE 200,Junior,14,0,3.2,33,5,4,69.6,0,0.0,75%,4,35%,80%,5.8,41,0
S1782,MA 241,Junior,14,1,7.4,72,12,19,69.1,240,2.9,72%,4,24%,77%,5.9,53,1
S1783,MA 241,Senior,15,31,6.9,59,7,17,81.4,297,3.7,83%,1,38%,81%,4.5,66,0
S1784,ST 311,Senior,18,7,6.9,71,9,25,70.9,379,0.0,84%,2,27%,94%,5.8,84,0
S1785,BIO 181,Freshman,14,13,4.6,46,6,18,65.1,120,0.6,81%,1,43%,70%,5.0,59,1
S1786,BIO 181,Junior,17,35,3.6,29,12,10,91.6,124,2.2,76%,4,17%,80%,4.9,64,0
S1787,CSC 216,Freshman,16,6,6.6,67,6,24,58.6,303,4.0,72%,3,32%,97%,6.7,51,0
S1788,MA 241,Junior,15,22,0.5,3,4,4,58.9,75,0.3,66%,3,35%,89%,5.2,52,1
S1789,CH 101,Freshman,16,7,4.4,40,15,20,85.1,249,4.8,97%,0,19%,95%,6.3,76,0
S1790,ECE 200,Freshman,15,0,3.5,29,4,19,87.3,244,3.3,87%,1,9%,86%,6.7,78,0
S1791,EC 201,Senior,16,0,5.9,56,15,37,98.2,519,4.3,94%,0,6%,80%,7.9,93,0
S1792,PY 205,Junior,14,,4.7,51,12,14,85.8,186,2.7,80%,4,27%,89%,6.5,61,0
S1793,MA 241,Freshman,15,0,4.2,29,11,27,90.9,399,2.2,94%,0,41%,83%,6.8,73,0
S1794,ST 311,Junior,13,0,5.2,52,19,28,73.6,321,3.1,73%,3,23%,93%,5.4,77,0
S1795,BIO 181,Freshman,14,0,6.8,62,8,20,98.1,287,3.8,97%,2,29%,93%,,82,0
S1796,ECE 200,Sophomore,18,0,4.0,32,8,15,79.7,229,0.0,70%,4,18%,89%,6.6,60,0
S1797,PY 205,Junior,15,,5.1,38,13,13,68.7,115,4.1,81%,3,32%,81%,6.4,57,0
S1798,CH 101,Freshman,15,0,3.2,36,8,10,66.0,134,2.3,80%,3,22%,81%,6.0,53,1
S1799,MA 241,Sophomore,14,0,2.1,17,2,3,82.4,110,0.4,89%,1,33%,78%,5.3,64,0